"Player","Team","POS","ATT","YDS","TDS","REC","YDS","TDS","FL","FPTS"
" "," ","","",""
"Christian McCaffrey","SFhigh","RB1","272.4","1,288.9","11.6","69.9","567.2","4.8","1.7","350.5"
"","high","312.5","1,442.2","13.0","76.4","612.0","7.0","1.2","400.5"
"","low","258.0","1,218.2","11.0","67.0","526.4","3.9","2.0","337.6"
"CeeDee Lamb","DALhigh","WR1","9.8","68.4","0.8","116.1","1,488.8","9.7","1.1","332.6"
"","high","12.6","85.9","1.0","120.5","1,590.0","10.9","1.0","442.0"
"","low","4.6","26.2","0.2","112.0","1,406.5","8.6","1.2","319.9"
"Tyreek Hill","MIAhigh","WR2","5.2","30.5","0.1","110.0","1,544.5","9.9","1.0","325.7"
"","high","6.6","39.6","0.3","116.3","1,598.0","11.0","0.9","437.4"
"","low","4.0","24.0","0.0","105.8","1,435.9","7.7","1.0","303.1"
"Breece Hall","NYJhigh","RB2","249.5","1,129.3","8.1","66.8","529.9","3.8","1.4","301.5"
"","high","309.7","1,360.3","9.0","75.0","646.0","8.0","1.0","347.0"
"","low","218.0","933.0","7.0","55.0","408.0","2.0","2.0","284.6"
"Bijan Robinson","ATLhigh","RB3","243.9","1,121.0","7.4","65.8","549.7","4.3","2.2","298.6"
"","high","293.9","1,267.0","8.2","72.7","627.2","8.0","1.6","333.6"
"","low","224.0","1,030.8","6.0","56.0","418.0","2.0","3.0","284.8"
"Amon-Ra St. Brown","DEThigh","WR3","4.5","31.3","0.1","111.0","1,351.2","8.2","0.9","297.0"
"","high","6.0","43.0","0.3","115.3","1,459.2","10.0","0.8","394.1"
"","low","2.3","13.4","0.0","107.0","1,263.6","7.0","1.0","285.4"
"Ja'Marr Chase","CINhigh","WR4","3.0","12.6","0.1","106.5","1,357.3","8.9","0.7","295.9"
"","high","4.4","24.7","0.2","116.4","1,439.4","10.2","0.0","395.8"
"","low","0.0","0.0","0.0","98.0","1,297.0","8.0","1.0","281.5"
"Justin Jefferson","MINhigh","WR5","1.2","3.8","0.0","105.5","1,447.8","7.4","1.0","293.5"
"","high","3.0","12.0","0.1","116.5","1,525.0","9.6","0.9","394.4"
"","low","0.0","-3.0","0.0","97.0","1,358.9","6.0","1.0","281.7"
"Puka Nacua","LARhigh","WR6","8.9","54.7","0.2","94.7","1,298.9","7.2","0.7","272.8"
"","high","12.4","77.2","0.7","102.1","1,449.0","8.0","0.0","358.5"
"","low","2.3","13.2","0.0","88.5","1,227.0","5.9","1.0","264.2"
"A.J. Brown","PHIhigh","WR7","0.0","1.4","0.0","92.9","1,318.3","8.2","1.3","271.6"
"","high","0.0","6.0","0.0","98.8","1,365.0","9.0","1.0","363.6"
"","low","0.0","0.0","0.0","89.0","1,251.0","7.6","2.0","262.9"
"Saquon Barkley","PHIhigh","RB4","269.1","1,128.7","9.3","48.0","344.1","3.0","1.7","265.7"
"","high","294.2","1,234.0","14.0","53.0","399.0","6.0","1.0","303.0"
"","low","247.0","1,037.0","7.0","44.0","311.1","2.0","2.0","243.6"
"Garrett Wilson","NYJhigh","WR8","3.9","19.2","0.1","95.1","1,190.1","8.1","1.3","262.9"
"","high","7.1","40.4","0.2","105.2","1,256.0","9.1","0.9","368.8"
"","low","0.0","0.0","0.0","80.5","1,139.7","7.0","2.0","245.1"
"Jonathan Taylor","INDhigh","RB5","283.5","1,270.5","10.1","37.3","279.0","1.6","1.4","259.6"
"","high","313.3","1,445.6","12.0","45.0","321.0","2.0","1.0","278.1"
"","low","255.0","1,122.0","9.0","32.0","239.2","1.0","2.0","247.6"
"Jahmyr Gibbs","DEThigh","RB6","202.5","941.8","8.4","54.6","388.9","2.2","1.4","248.5"
"","high","243.9","1,077.6","10.0","63.0","429.8","3.4","1.0","287.8"
"","low","180.0","871.5","7.0","47.0","331.0","1.0","2.0","236.6"
"Chris Olave","NOhigh","WR9","0.0","1.0","0.0","89.9","1,201.8","6.5","0.6","248.1"
"","high","0.0","5.0","0.0","96.0","1,264.4","7.0","0.0","330.0"
"","low","0.0","0.0","0.0","86.5","1,176.0","5.6","1.0","240.9"
"Davante Adams","LVhigh","WR10","0.0","1.0","0.0","93.0","1,129.0","6.5","0.5","244.0"
"","high","0.0","5.0","0.0","104.0","1,213.0","8.0","0.0","327.2"
"","low","0.0","0.0","0.0","89.1","1,079.0","5.1","1.0","237.9"
"Marvin Harrison Jr.","ARIhigh","WR11","0.5","3.6","0.0","88.4","1,174.9","6.8","1.5","244.0"
"","high","2.0","11.0","0.0","97.7","1,300.0","8.0","0.5","324.2"
"","low","0.0","0.0","0.0","81.0","1,104.0","5.7","3.0","233.9"
"Drake London","ATLhigh","WR12","0.0","2.2","0.0","87.9","1,139.8","7.0","0.9","242.4"
"","high","0.0","11.0","0.0","99.1","1,213.8","8.3","0.8","327.1"
"","low","0.0","0.0","0.0","83.3","1,021.4","6.0","1.0","230.2"
"Kyren Williams","LARhigh","RB7","245.4","1,115.3","9.9","34.4","251.4","1.9","1.7","239.0"
"","high","262.0","1,206.0","12.0","37.0","284.6","3.0","1.1","258.9"
"","low","217.5","1,013.3","9.0","30.5","231.3","1.0","2.0","230.7"
"Travis Etienne Jr.","JAChigh","RB8","250.1","1,025.3","8.2","46.1","358.1","1.2","1.3","238.1"
"","high","272.9","1,160.6","11.0","50.0","416.0","1.9","0.9","272.1"
"","low","225.4","906.0","7.0","44.0","326.7","1.0","2.0","224.7"
"Mike Evans","TBhigh","WR13","0.0","1.2","0.0","75.6","1,121.4","8.4","0.5","237.3"
"","high","0.0","5.0","0.0","80.0","1,154.0","10.0","0.0","305.9"
"","low","0.0","0.0","0.0","70.0","1,099.0","7.4","1.0","233.9"
"Nico Collins","HOUhigh","WR14","1.4","8.6","0.0","78.5","1,152.2","7.2","0.5","237.1"
"","high","4.4","25.0","0.2","84.3","1,275.0","8.0","0.0","309.6"
"","low","0.0","0.0","0.0","75.0","1,065.0","6.6","1.0","227.0"
"Cooper Kupp","LARhigh","WR15","2.9","17.4","0.1","85.9","1,060.9","7.3","0.5","236.6"
"","high","4.6","26.3","0.2","94.2","1,146.8","8.0","0.0","321.6"
"","low","2.0","10.0","0.0","78.1","996.6","6.5","1.0","225.7"
"Alvin Kamara","NOhigh","RB9","204.7","802.4","5.3","66.0","467.4","2.2","0.9","235.9"
"","high","251.1","1,025.2","6.7","75.0","526.0","3.1","0.8","271.9"
"","low","181.5","718.0","4.0","57.0","413.5","1.9","1.0","220.0"
"Derrick Henry","BALhigh","RB10","269.2","1,203.4","11.2","24.9","199.1","0.9","1.0","235.8"
"","high","311.4","1,406.8","12.0","27.2","228.0","1.3","0.9","257.3"
"","low","250.0","1,060.3","10.6","20.0","145.0","0.0","1.0","226.6"
"DeVonta Smith","PHIhigh","WR16","0.0","1.2","0.0","84.8","1,082.4","7.1","0.9","233.9"
"","high","0.0","6.0","0.0","88.2","1,127.0","9.0","0.7","312.6"
"","low","0.0","0.0","0.0","80.0","1,039.6","6.0","1.0","226.0"
"Rachaad White","TBhigh","RB11","235.3","914.0","6.5","52.6","395.9","2.4","1.7","233.7"
"","high","282.7","1,106.8","8.0","54.0","446.0","3.0","1.2","272.2"
"","low","212.3","846.0","5.0","50.0","359.5","1.7","2.0","224.3"
"Deebo Samuel Sr.","SFhigh","WR17","35.8","208.2","3.1","66.9","924.6","5.9","1.0","231.8"
"","high","43.0","238.0","4.0","74.3","983.0","6.8","0.9","295.2"
"","low","28.8","164.3","2.5","62.3","892.7","5.0","1.0","225.3"
"Josh Jacobs","GBhigh","RB12","255.5","1,055.9","8.6","39.7","301.7","1.1","1.1","231.7"
"","high","275.0","1,184.0","11.0","48.0","329.0","2.2","1.0","260.8"
"","low","232.0","959.5","6.7","34.0","255.0","0.0","1.2","216.3"
"Michael Pittman Jr.","INDhigh","WR18","0.3","3.0","0.0","96.7","1,062.2","5.0","1.0","231.4"
"","high","1.0","10.0","0.0","101.1","1,089.6","6.2","1.0","311.7"
"","low","0.0","0.0","0.0","88.0","985.0","4.0","1.1","224.7"
"James Cook","BUFhigh","RB13","231.7","1,033.2","5.1","45.0","382.4","2.8","1.4","231.2"
"","high","279.0","1,289.0","6.0","49.3","421.0","4.0","1.0","251.0"
"","low","207.1","908.0","4.0","40.0","309.0","2.0","2.0","217.7"
"Isiah Pacheco","KChigh","RB14","238.1","1,064.0","8.5","38.8","258.2","1.9","1.4","230.7"
"","high","276.9","1,217.4","11.0","45.5","318.0","2.1","1.0","276.7"
"","low","220.4","978.7","7.0","27.4","190.7","1.5","2.0","221.8"
"Brandon Aiyuk","SFhigh","WR19","0.8","4.0","0.0","75.2","1,130.6","7.2","0.9","230.3"
"","high","2.0","11.0","0.0","77.7","1,199.0","8.0","0.7","303.0"
"","low","0.0","0.0","0.0","70.0","1,067.2","6.8","1.0","222.1"
"Jaylen Waddle","MIAhigh","WR20","3.6","21.1","0.1","81.8","1,123.6","5.7","0.5","230.1"
"","high","4.4","25.6","0.2","91.3","1,255.4","6.0","0.0","313.8"
"","low","2.0","14.0","0.0","76.0","1,067.6","4.8","1.0","218.8"
"De'Von Achane","MIAhigh","RB15","175.1","907.2","7.2","45.4","348.3","2.9","0.9","229.9"
"","high","222.0","1,033.7","9.0","53.6","393.3","5.0","0.8","271.3"
"","low","144.0","749.2","5.9","39.0","295.0","2.0","1.0","209.6"
"Travis Kelce","KChigh","TE1","2.3","7.5","0.0","88.9","959.8","7.5","0.8","229.1"
"","high","2.3","11.0","0.1","101.0","1,149.0","8.4","0.5","294.0"
"","low","2.3","4.0","0.0","80.0","837.5","7.0","1.0","215.0"
"DK Metcalf","SEAhigh","WR21","0.0","1.2","0.0","73.6","1,065.9","8.1","0.5","227.9"
"","high","0.0","5.0","0.0","79.0","1,098.0","10.0","0.0","300.0"
"","low","0.0","0.0","0.0","67.0","1,017.0","7.0","1.0","224.1"
"Stefon Diggs","HOUhigh","WR22","1.9","9.1","0.1","85.1","1,032.0","6.6","1.0","227.2"
"","high","4.4","24.9","0.2","87.0","1,050.8","7.4","1.0","311.2"
"","low","0.0","0.0","0.0","82.0","1,016.0","5.8","1.0","220.1"
"DJ Moore","CHIhigh","WR23","2.3","15.1","0.2","76.1","1,047.0","7.0","0.9","223.8"
"","high","5.0","25.0","1.0","83.3","1,110.7","9.0","0.7","300.9"
"","low","0.0","0.0","0.0","69.0","999.0","6.0","1.0","214.8"
"Joe Mixon","HOUhigh","RB16","244.8","961.8","7.6","40.1","304.4","2.2","0.9","223.5"
"","high","277.2","1,112.6","10.0","43.0","362.0","3.0","0.6","247.6"
"","low","215.0","884.7","6.0","36.7","277.0","1.0","1.0","211.9"
"Malik Nabers","NYGhigh","WR24","0.5","5.0","0.0","81.2","1,076.4","5.9","1.2","222.2"
"","high","2.0","15.0","0.0","93.9","1,118.4","6.0","0.5","295.8"
"","low","0.0","0.0","0.0","70.0","1,031.0","5.5","2.0","210.2"
"Sam LaPorta","DEThigh","TE2","0.0","0.0","0.0","86.3","891.3","7.7","0.4","220.9"
"","high","0.0","0.0","0.0","99.5","1,031.9","9.0","0.0","291.2"
"","low","0.0","0.0","0.0","81.0","839.0","6.6","1.0","212.0"
"Amari Cooper","CLEhigh","WR25","0.0","1.0","0.0","73.0","1,106.9","6.3","0.9","219.8"
"","high","0.0","5.0","0.0","75.0","1,243.0","7.0","0.7","298.7"
"","low","0.0","0.0","0.0","69.4","1,045.4","5.5","1.0","209.4"
"Zay Flowers","BALhigh","WR26","7.4","46.3","0.6","79.4","964.5","6.2","1.0","219.1"
"","high","9.1","55.4","1.0","82.0","1,005.8","7.0","0.9","292.7"
"","low","5.4","31.2","0.0","74.0","932.0","5.6","1.0","214.4"
"Rashee Rice","KChigh","WR27","1.5","7.0","0.0","80.7","959.8","7.1","1.0","218.3"
"","high","2.3","12.8","0.1","85.0","1,013.2","8.0","0.9","292.3"
"","low","0.0","0.0","0.0","75.1","877.0","6.0","1.0","210.7"
"Tee Higgins","CINhigh","WR28","0.0","1.0","0.0","71.6","1,026.3","7.5","0.5","218.2"
"","high","0.0","5.0","0.0","78.9","1,069.8","9.0","0.0","288.5"
"","low","0.0","0.0","0.0","65.0","978.0","7.0","1.0","214.6"
"Chris Godwin","TBhigh","WR29","2.7","20.9","0.3","83.2","989.5","5.3","0.5","216.2"
"","high","4.0","27.0","1.0","87.0","1,038.0","6.0","0.0","298.8"
"","low","0.0","0.0","0.0","78.0","922.0","5.0","1.0","204.2"
"George Pickens","PIThigh","WR30","2.6","16.9","0.0","70.7","1,089.3","6.0","0.9","216.0"
"","high","4.5","28.5","0.2","79.0","1,152.0","8.0","0.8","283.9"
"","low","0.0","0.0","0.0","63.0","1,046.0","4.6","1.0","208.4"
"Tank Dell","HOUhigh","WR31","11.1","61.6","0.2","70.0","954.4","7.0","0.6","213.1"
"","high","16.0","92.9","0.6","78.0","1,024.4","10.0","0.0","288.2"
"","low","4.4","25.0","0.0","63.0","901.0","5.8","1.0","202.3"
"Christian Kirk","JAChigh","WR32","1.0","6.4","0.0","80.9","1,008.5","5.4","1.3","212.5"
"","high","2.0","11.9","0.1","87.2","1,066.0","6.0","1.0","298.2"
"","low","0.0","0.0","0.0","75.0","951.3","4.4","2.0","202.9"
"Calvin Ridley","TENhigh","WR33","2.9","14.8","0.0","71.2","974.6","6.9","0.5","210.9"
"","high","8.0","34.0","0.2","75.0","1,024.0","9.0","0.0","278.5"
"","low","0.0","0.0","0.0","61.0","895.0","6.0","1.0","206.6"
"Kenneth Walker III","SEAhigh","RB17","240.9","1,005.6","9.0","29.1","224.2","1.0","0.9","210.2"
"","high","268.9","1,175.2","12.0","30.6","242.0","1.3","0.7","229.0"
"","low","220.0","855.0","7.0","27.8","201.0","0.8","1.0","199.1"
"Mark Andrews","BALhigh","TE3","0.0","0.0","0.0","71.9","869.3","7.9","0.5","205.2"
"","high","0.0","0.0","0.0","83.7","989.0","11.0","0.0","266.3"
"","low","0.0","0.0","0.0","65.0","819.7","7.0","1.0","195.5"
"Terry McLaurin","WAShigh","WR34","0.3","2.2","0.0","76.4","1,009.5","4.6","0.5","204.2"
"","high","1.0","6.0","0.0","80.2","1,025.0","5.0","0.0","279.8"
"","low","0.0","0.0","0.0","74.7","995.0","3.3","1.0","196.2"
"Aaron Jones","MINhigh","RB18","189.1","868.8","5.5","42.8","313.6","1.9","1.0","203.5"
"","high","225.2","1,092.7","6.9","49.0","362.0","2.0","1.0","240.0"
"","low","161.0","723.0","4.4","36.0","263.2","1.9","1.0","175.8"
"Trey McBride","ARIhigh","TE4","0.0","0.0","0.0","86.0","879.8","5.1","0.5","203.4"
"","high","0.0","0.0","0.0","100.5","1,031.7","6.9","0.0","276.0"
"","low","0.0","0.0","0.0","80.0","791.3","3.5","1.0","185.6"
"Keenan Allen","CHIhigh","WR35","1.0","6.3","0.0","79.7","895.1","5.6","1.0","201.7"
"","high","2.1","12.4","0.1","88.0","1,009.5","6.2","0.9","292.1"
"","low","0.0","0.0","0.0","71.0","815.0","4.8","1.0","188.7"
"Diontae Johnson","CARhigh","WR36","1.0","7.2","0.0","72.8","905.8","5.8","0.6","197.5"
"","high","2.1","13.0","0.1","78.0","992.1","8.0","0.0","255.8"
"","low","0.0","0.0","0.0","64.0","792.0","4.0","1.0","190.8"
"Dalton Kincaid","BUFhigh","TE5","0.0","0.0","0.0","82.3","821.8","5.4","0.8","195.2"
"","high","0.0","0.0","0.0","94.9","942.4","7.0","0.5","268.8"
"","low","0.0","0.0","0.0","75.4","734.7","4.0","1.0","179.1"
"Rhamondre Stevenson","NEhigh","RB19","208.9","870.9","5.6","41.1","281.7","0.8","1.0","193.1"
"","high","226.6","973.3","6.0","50.0","335.7","1.1","1.0","227.4"
"","low","188.9","792.2","4.7","32.0","236.0","0.0","1.0","172.1"
"Jayden Reed","GBhigh","WR37","9.1","74.0","1.2","64.1","796.5","5.9","0.6","192.3"
"","high","12.3","105.0","3.0","71.0","886.0","8.0","0.0","265.3"
"","low","5.0","27.9","0.2","58.0","732.0","5.0","1.0","182.1"
"David Montgomery","DEThigh","RB20","205.1","902.4","9.9","22.4","167.6","0.8","0.9","191.9"
"","high","230.0","972.0","11.1","24.0","183.0","1.4","0.7","209.7"
"","low","181.3","795.1","9.0","21.7","155.0","0.0","1.0","178.0"
"Zamir White","LVhigh","RB21","235.2","988.5","5.8","32.9","229.9","0.8","1.3","191.4"
"","high","260.0","1,230.0","6.4","38.0","267.0","1.2","0.9","206.6"
"","low","202.6","854.0","5.0","28.0","203.0","0.0","2.0","180.1"
"James Conner","ARIhigh","RB22","201.6","883.1","6.7","32.6","222.2","1.4","0.9","189.8"
"","high","214.0","962.0","8.0","37.0","249.0","3.0","0.7","224.4"
"","low","176.6","812.9","5.8","27.7","176.9","1.0","1.0","177.2"
"Jaxon Smith-Njigba","SEAhigh","WR38","0.0","2.0","0.0","75.6","828.5","5.3","0.6","189.2"
"","high","0.0","10.0","0.0","83.0","913.0","6.0","0.0","246.4"
"","low","0.0","0.0","0.0","68.0","732.0","4.7","1.0","177.6"
"George Kittle","SFhigh","TE6","0.0","2.5","0.0","65.2","881.4","6.0","0.4","188.5"
"","high","0.0","5.0","0.0","71.0","914.0","7.0","0.0","253.5"
"","low","0.0","0.0","0.0","60.0","845.2","4.7","1.0","177.6"
"Evan Engram","JAChigh","TE7","0.0","0.0","0.0","85.4","786.9","4.4","0.9","188.4"
"","high","0.0","0.0","0.0","92.0","831.0","5.8","0.7","250.9"
"","low","0.0","0.0","0.0","73.0","705.0","3.1","1.0","181.6"
"Najee Harris","PIThigh","RB23","237.1","948.8","6.6","28.7","180.8","1.2","1.0","186.1"
"","high","253.0","1,010.0","8.0","30.0","200.0","1.6","0.9","215.5"
"","low","219.9","894.7","5.9","28.0","166.2","1.0","1.0","176.6"
"Kyle Pitts","ATLhigh","TE8","0.0","0.0","0.0","67.9","871.0","5.2","0.4","185.2"
"","high","0.0","0.0","0.0","82.5","994.1","6.6","0.0","245.8"
"","low","0.0","0.0","0.0","59.9","821.8","4.2","1.0","175.2"
"Courtland Sutton","DENhigh","WR39","0.0","1.2","0.0","65.8","849.9","6.1","1.3","185.0"
"","high","0.0","5.0","0.0","71.2","896.5","9.0","0.8","247.9"
"","low","0.0","0.0","0.0","56.0","766.0","4.5","2.0","177.4"
"Javonte Williams","DENhigh","RB24","204.3","834.4","4.7","41.2","247.0","1.5","0.9","184.7"
"","high","230.5","950.4","5.9","48.9","298.2","2.0","0.8","220.1"
"","low","184.6","730.6","4.0","32.3","186.6","1.0","1.0","162.2"
"DeAndre Hopkins","TENhigh","WR40","0.3","2.8","0.0","64.7","851.1","5.7","0.5","183.5"
"","high","1.0","8.0","0.0","68.0","902.8","9.0","0.0","234.2"
"","low","0.0","0.0","0.0","60.0","767.0","4.5","1.0","176.9"
"Jordan Addison","MINhigh","WR41","0.3","4.0","0.0","64.9","834.1","5.9","0.5","182.8"
"","high","1.0","18.0","0.0","70.5","961.0","8.0","0.0","265.8"
"","low","0.0","0.0","0.0","59.0","704.6","4.1","1.0","159.7"
"D'Andre Swift","CHIhigh","RB25","178.2","810.4","5.2","36.6","251.7","1.6","1.0","181.4"
"","high","197.0","921.0","6.0","40.0","271.0","2.0","1.0","221.1"
"","low","151.2","662.3","4.0","31.9","226.1","1.0","1.0","167.5"
"Raheem Mostert","MIAhigh","RB26","168.7","804.1","8.5","25.4","179.2","1.3","1.0","180.4"
"","high","185.0","868.0","11.0","28.7","214.5","2.0","0.9","199.9"
"","low","154.0","720.4","6.4","17.0","108.0","1.0","1.0","169.1"
"Tony Pollard","TENhigh","RB27","197.6","846.5","5.7","34.1","236.6","0.9","0.9","179.9"
"","high","233.0","935.0","7.0","41.0","278.0","1.3","0.8","214.9"
"","low","172.5","729.0","5.0","28.0","190.0","0.0","1.0","168.9"
"Jake Ferguson","DALhigh","TE9","0.0","0.0","0.0","70.7","736.8","5.9","0.4","178.9"
"","high","0.0","0.0","0.0","75.2","773.0","7.0","0.0","237.8"
"","low","0.0","0.0","0.0","65.4","675.0","5.0","1.0","171.0"
"Jaylen Warren","PIThigh","RB28","142.4","677.2","3.9","47.6","323.9","1.7","1.4","178.7"
"","high","164.7","738.4","4.4","54.3","370.4","2.2","1.0","219.3"
"","low","128.7","618.8","3.2","41.0","283.4","1.0","2.0","160.6"
"Rome Odunze","CHIhigh","WR42","1.0","6.4","0.0","62.5","852.4","5.4","1.1","178.6"
"","high","2.1","12.9","0.1","71.0","961.0","6.4","0.4","264.3"
"","low","0.0","0.0","0.0","57.0","786.0","4.0","2.0","161.5"
"David Njoku","CLEhigh","TE10","0.0","0.0","0.0","69.8","772.5","5.5","1.2","177.5"
"","high","0.0","0.0","0.0","75.0","877.0","7.0","0.5","234.9"
"","low","0.0","0.0","0.0","64.1","711.0","5.0","2.0","173.4"
"Ladd McConkey","LAChigh","WR43","1.1","6.7","0.0","66.2","822.2","5.0","1.1","177.2"
"","high","2.2","13.7","0.1","73.5","885.6","6.0","0.0","245.3"
"","low","0.0","0.0","0.0","62.0","762.0","4.4","3.0","170.2"
"Xavier Worthy","KChigh","WR44","3.7","23.2","0.1","57.0","828.7","6.0","0.8","176.8"
"","high","5.7","35.2","0.3","64.0","929.0","6.3","0.0","245.0"
"","low","2.0","11.0","0.0","53.8","761.9","5.4","2.0","172.6"
"Christian Watson","GBhigh","WR45","4.2","24.9","0.3","53.7","780.2","7.0","0.5","176.7"
"","high","6.2","38.2","1.0","58.5","840.6","10.0","0.0","223.8"
"","low","2.0","15.3","0.0","48.0","735.0","5.2","1.0","165.9"
"Brian Thomas Jr.","JAChigh","WR46","0.7","6.0","0.0","63.2","845.3","5.0","1.1","176.3"
"","high","2.0","15.0","0.0","68.6","927.0","5.3","0.4","232.1"
"","low","0.0","0.0","0.0","61.0","784.0","4.8","2.0","173.2"
"Jerry Jeudy","CLEhigh","WR47","0.3","5.3","0.0","61.9","851.0","4.3","0.6","172.5"
"","high","1.0","13.0","0.0","63.3","922.2","5.0","0.0","227.9"
"","low","0.0","0.0","0.0","60.0","767.0","4.0","1.0","167.4"
"Tyler Lockett","SEAhigh","WR48","0.0","1.5","0.0","66.3","760.1","5.2","0.5","172.5"
"","high","0.0","5.0","0.0","68.9","777.0","6.0","0.0","235.6"
"","low","0.0","0.0","0.0","64.0","732.9","4.2","1.0","167.2"
"Devin Singletary","NYGhigh","RB29","196.5","847.3","5.0","33.0","212.8","0.7","1.0","171.0"
"","high","216.4","915.6","6.2","39.0","268.0","1.0","0.9","214.9"
"","low","184.6","759.0","4.0","26.7","161.3","0.0","1.0","148.0"
"Brian Robinson Jr.","WAShigh","RB30","185.4","776.2","5.3","28.8","241.2","1.8","1.5","170.2"
"","high","204.0","841.6","6.0","34.9","292.0","4.0","1.0","192.9"
"","low","162.4","683.2","4.6","23.9","184.0","0.9","2.0","148.4"
"Austin Ekeler","WAShigh","RB31","126.6","524.0","4.2","46.3","366.8","2.0","1.7","169.1"
"","high","137.0","575.6","7.0","51.2","433.1","2.1","1.0","210.9"
"","low","117.0","455.0","3.0","39.0","325.0","2.0","3.0","160.3"
"Jameson Williams","DEThigh","WR49","4.5","42.2","0.7","55.2","775.5","4.8","0.6","169.1"
"","high","7.0","71.0","2.0","63.2","829.3","6.0","0.0","224.6"
"","low","2.3","13.4","0.0","48.0","717.0","4.0","1.0","163.0"
"Marquise Brown","KChigh","WR50","1.2","10.3","0.0","56.7","755.1","6.1","0.4","169.0"
"","high","2.0","17.0","0.1","62.9","822.0","8.0","0.0","227.3"
"","low","0.0","0.0","0.0","43.7","639.8","5.0","1.0","153.2"
"Tyjae Spears","TENhigh","RB32","141.7","621.0","3.6","43.3","335.9","1.6","0.9","168.1"
"","high","176.6","717.1","4.6","55.0","436.0","2.0","0.6","214.9"
"","low","124.1","544.1","3.0","28.8","220.8","1.0","1.0","139.3"
"Joshua Palmer","LAChigh","WR51","0.3","2.8","0.0","62.1","786.9","4.7","0.9","167.7"
"","high","1.0","7.0","0.0","69.3","874.0","6.0","0.6","229.6"
"","low","0.0","0.0","0.0","58.0","727.2","4.0","1.0","160.5"
"Jakobi Meyers","LVhigh","WR52","2.4","15.6","0.3","64.7","728.2","4.6","0.5","167.5"
"","high","4.2","25.5","1.0","72.8","777.2","7.0","0.0","217.1"
"","low","0.0","0.0","0.0","60.0","678.0","3.4","1.0","162.9"
"Curtis Samuel","BUFhigh","WR53","11.3","66.7","1.0","61.0","663.0","4.6","0.5","166.5"
"","high","17.0","89.0","2.0","65.0","724.0","5.0","0.0","235.2"
"","low","4.5","25.3","0.2","56.0","602.0","4.0","1.0","159.0"
"Zack Moss","CINhigh","RB33","170.3","737.9","5.8","29.5","205.0","1.4","0.5","166.4"
"","high","191.8","806.9","6.0","37.0","254.0","3.0","0.0","202.4"
"","low","149.4","646.8","5.6","22.4","149.4","1.0","1.0","154.5"
"Adam Thielen","CARhigh","WR54","0.3","3.0","0.0","69.0","695.5","4.5","0.6","164.5"
"","high","1.0","7.0","0.0","74.0","706.9","5.0","0.0","227.7"
"","low","0.0","0.0","0.0","66.9","680.0","4.0","1.0","160.0"
"Chase Brown","CINhigh","RB34","142.7","618.5","4.0","37.3","304.5","1.9","0.6","163.9"
"","high","180.9","735.5","4.7","41.4","400.0","3.0","0.0","193.8"
"","low","122.0","526.0","3.0","34.0","264.0","1.0","1.0","152.3"
"Khalil Shakir","BUFhigh","WR55","0.3","3.2","0.0","59.2","776.0","4.5","0.2","163.6"
"","high","1.0","8.0","0.0","61.0","867.0","5.0","0.0","223.3"
"","low","0.0","0.0","0.0","56.8","720.4","3.6","0.7","153.0"
"Brandin Cooks","DALhigh","WR56","3.4","20.7","0.1","56.5","692.8","5.6","0.5","161.1"
"","high","5.0","34.0","0.2","60.0","724.0","7.0","0.0","207.4"
"","low","0.0","0.0","0.0","54.0","667.9","4.7","1.0","154.7"
"Mike Williams","NYJhigh","WR57","2.3","9.2","0.0","56.1","752.5","4.8","0.5","160.6"
"","high","4.8","27.0","0.2","59.0","794.0","5.7","0.0","212.8"
"","low","0.0","0.0","0.0","54.0","711.0","4.0","1.0","150.1"
"DeMario Douglas","NEhigh","WR58","8.4","44.4","0.1","61.7","745.7","3.2","0.9","158.9"
"","high","11.7","69.8","0.3","65.0","782.0","4.0","0.8","219.7"
"","low","4.5","25.8","0.0","59.0","693.0","2.7","1.0","148.7"
"Jerome Ford","CLEhigh","RB35","168.7","662.9","4.0","34.2","243.9","1.9","0.8","158.6"
"","high","203.2","820.5","5.2","41.0","292.0","5.0","0.5","188.8"
"","low","151.5","564.0","3.0","27.0","194.0","1.0","1.0","147.0"
"Keon Coleman","BUFhigh","WR59","1.0","4.8","0.0","55.8","745.3","5.0","1.1","158.6"
"","high","3.0","14.0","0.0","66.0","890.0","6.0","0.4","214.2"
"","low","0.0","0.0","0.0","45.4","567.7","4.0","2.0","136.2"
"Brock Bowers","LVhigh","TE11","0.0","0.0","0.0","62.9","696.1","4.6","1.1","158.0"
"","high","0.0","0.0","0.0","68.1","752.0","5.0","0.4","226.2"
"","low","0.0","0.0","0.0","56.5","649.4","3.8","2.0","150.3"
"Dallas Goedert","PHIhigh","TE12","0.0","0.0","0.0","65.5","690.7","4.0","0.5","157.7"
"","high","0.0","0.0","0.0","68.0","743.0","6.0","0.0","228.7"
"","low","0.0","0.0","0.0","62.0","646.2","3.0","1.0","148.2"
"Romeo Doubs","GBhigh","WR60","0.0","1.5","0.0","55.8","686.3","5.6","0.5","157.2"
"","high","0.0","5.0","0.0","62.0","777.0","8.0","0.0","224.0"
"","low","0.0","0.0","0.0","49.1","594.4","4.7","1.0","143.0"
"Gabe Davis","JAChigh","WR61","0.3","1.3","0.0","50.0","739.3","5.7","0.9","156.6"
"","high","1.0","5.0","0.0","57.0","798.1","7.0","0.6","214.3"
"","low","0.0","0.0","0.0","41.0","667.0","4.4","1.0","146.3"
"Ezekiel Elliott","DALhigh","RB36","170.2","663.7","5.7","29.2","193.9","1.3","1.0","155.3"
"","high","191.2","752.2","6.3","32.1","216.7","2.0","0.9","185.4"
"","low","130.0","459.0","4.0","25.9","161.7","1.0","1.0","113.2"
"Rashid Shaheed","NOhigh","WR62","4.3","33.2","0.0","51.5","742.2","4.2","0.9","152.9"
"","high","7.0","52.0","0.2","54.8","798.0","6.0","0.7","206.7"
"","low","0.0","0.0","0.0","48.4","694.4","3.3","1.0","140.4"
"Ja'Lynn Polk","NEhigh","WR63","0.7","5.8","0.0","58.7","721.0","3.2","0.8","149.1"
"","high","2.0","14.0","0.0","62.0","783.1","4.0","0.0","206.0"
"","low","0.0","0.0","0.0","55.9","659.0","2.9","2.0","138.7"
"Gus Edwards","LAChigh","RB37","184.0","781.3","7.0","15.0","131.2","0.4","1.3","147.8"
"","high","199.0","855.0","10.0","18.0","186.0","1.0","1.0","170.0"
"","low","175.0","638.0","5.2","8.8","64.3","0.0","2.0","135.9"
"Darnell Mooney","ATLhigh","WR64","2.1","12.1","0.1","50.9","703.4","4.1","0.2","147.5"
"","high","4.3","25.2","0.3","55.7","809.6","5.6","0.0","193.9"
"","low","0.0","0.0","0.0","48.1","581.0","3.0","0.5","133.1"
"Dalton Schultz","HOUhigh","TE13","0.0","0.0","0.0","56.9","607.8","4.9","0.8","145.4"
"","high","0.0","0.0","0.0","59.0","656.0","6.0","0.4","205.9"
"","low","0.0","0.0","0.0","53.6","543.5","4.1","1.0","136.5"
"Wan'Dale Robinson","NYGhigh","WR65","8.1","58.1","0.5","61.1","567.6","2.8","0.5","142.0"
"","high","8.7","77.0","1.0","62.9","593.0","4.0","0.0","205.9"
"","low","7.6","49.2","0.0","58.0","551.8","1.3","1.0","132.3"
"Josh Downs","INDhigh","WR66","0.0","5.3","0.0","54.9","626.5","3.3","0.5","136.8"
"","high","0.0","21.0","0.0","60.0","669.0","4.0","0.0","205.9"
"","low","0.0","0.0","0.0","48.7","545.9","2.4","1.0","124.2"
"Michael Wilson","ARIhigh","WR67","0.0","1.3","0.0","49.8","651.0","3.7","0.2","136.6"
"","high","0.0","5.0","0.0","56.4","702.0","5.0","0.0","191.7"
"","low","0.0","0.0","0.0","44.9","565.8","2.4","0.6","119.8"
"Jonathon Brooks","CARhigh","RB38","152.2","664.3","4.4","23.1","177.9","0.9","1.6","136.3"
"","high","162.0","699.0","5.0","31.0","235.0","1.0","0.7","181.5"
"","low","143.3","612.0","3.4","17.0","126.7","0.6","3.0","107.1"
"Nick Chubb","CLEhigh","RB39","149.7","726.6","5.0","17.5","138.2","0.6","0.8","136.1"
"","high","183.0","828.0","7.0","28.0","223.0","1.0","0.5","169.6"
"","low","128.6","612.1","4.0","12.7","96.9","0.0","1.0","114.0"
"Pat Freiermuth","PIThigh","TE14","0.0","0.0","0.0","54.8","572.5","4.1","0.5","136.0"
"","high","0.0","0.0","0.0","65.0","652.0","5.0","0.0","191.5"
"","low","0.0","0.0","0.0","42.1","420.7","2.9","1.0","114.0"
"Adonai Mitchell","INDhigh","WR68","0.7","4.8","0.0","48.6","657.2","3.8","0.8","135.9"
"","high","2.0","11.0","0.0","50.5","730.0","4.0","0.0","188.7"
"","low","0.0","0.0","0.0","46.0","607.8","3.4","2.0","131.2"
"Dontayvion Wicks","GBhigh","WR69","0.3","3.8","0.0","46.1","615.3","4.8","0.5","135.6"
"","high","1.0","14.0","0.0","53.1","707.9","6.0","0.0","183.6"
"","low","0.0","0.0","0.0","38.0","572.4","3.8","1.0","125.7"
"Chuba Hubbard","CARhigh","RB40","156.3","621.8","4.0","27.7","192.6","0.5","0.9","134.4"
"","high","200.5","801.7","4.5","30.8","224.1","1.0","0.6","157.7"
"","low","135.0","554.0","3.3","23.0","165.0","0.0","1.0","108.7"
"J.K. Dobbins","LAChigh","RB41","133.7","590.2","3.9","24.9","188.4","1.5","0.9","133.1"
"","high","148.4","743.4","6.0","33.0","271.0","4.0","0.7","149.9"
"","low","123.3","472.0","3.0","11.1","73.4","0.4","1.0","109.4"
"Antonio Gibson","NEhigh","RB42","119.8","461.0","2.6","38.1","285.8","1.2","1.4","132.8"
"","high","138.0","565.7","3.4","53.0","398.0","2.0","1.0","157.7"
"","low","106.0","366.0","2.0","30.1","243.1","0.8","2.0","120.1"
"Demarcus Robinson","LARhigh","WR70","0.3","7.8","0.0","45.8","587.1","4.4","0.6","130.3"
"","high","1.0","20.0","0.0","57.8","697.6","5.0","0.0","182.3"
"","low","0.0","0.0","0.0","35.5","487.7","3.1","1.0","112.1"
"T.J. Hockenson","MINhigh","TE15","0.0","0.0","0.0","56.1","561.3","3.2","0.8","129.6"
"","high","0.0","0.0","0.0","64.0","668.0","4.0","0.3","199.9"
"","low","0.0","0.0","0.0","40.1","350.8","2.2","1.0","104.4"
"Rashod Bateman","BALhigh","WR71","0.3","4.8","0.0","46.2","604.8","3.5","0.2","127.7"
"","high","1.0","14.0","0.0","47.0","624.0","4.0","0.0","175.4"
"","low","0.0","0.0","0.0","45.7","587.0","2.6","0.5","121.7"
"Tyler Conklin","NYJhigh","TE16","0.0","0.0","0.0","53.3","532.2","3.3","0.1","126.3"
"","high","0.0","0.0","0.0","59.0","601.0","4.0","0.0","169.2"
"","low","0.0","0.0","0.0","47.6","461.3","2.9","0.3","115.6"
"Jaleel McLaughlin","DENhigh","RB43","102.7","498.4","2.7","32.8","215.1","1.2","0.8","126.1"
"","high","105.1","587.0","3.0","39.9","273.3","2.0","0.3","163.7"
"","low","97.0","436.3","2.0","27.0","145.0","0.9","1.0","110.8"
"Cole Kmet","CHIhigh","TE17","0.0","0.0","0.0","50.9","503.4","4.2","0.5","125.5"
"","high","0.0","0.0","0.0","59.0","605.0","7.0","0.0","180.2"
"","low","0.0","0.0","0.0","37.8","368.7","2.7","1.0","103.3"
"Ty Chandler","MINhigh","RB44","146.6","598.6","4.3","21.1","154.9","0.6","0.8","124.8"
"","high","156.7","684.9","6.0","23.0","174.0","1.0","0.4","134.6"
"","low","128.0","492.0","3.0","15.4","104.7","0.0","1.0","109.1"
"Xavier Legette","CARhigh","WR72","2.8","17.2","0.1","45.6","593.2","3.0","0.4","124.5"
"","high","6.3","38.9","0.3","50.0","642.0","4.0","0.0","185.8"
"","low","0.0","0.0","0.0","41.2","493.4","2.1","1.0","106.6"
"Rico Dowdle","DALhigh","RB45","140.0","545.2","3.6","23.6","181.1","1.2","0.4","124.3"
"","high","191.0","726.0","5.0","27.8","214.2","2.0","0.0","139.6"
"","low","112.4","476.0","3.0","22.0","160.0","1.0","1.0","113.9"
"Hunter Henry","NEhigh","TE18","0.0","0.0","0.0","48.4","500.0","4.3","0.1","123.7"
"","high","0.0","0.0","0.0","56.0","566.9","7.0","0.0","184.9"
"","low","0.0","0.0","0.0","44.8","437.9","2.5","0.3","114.6"
"Darius Slayton","NYGhigh","WR73","0.0","1.3","0.0","43.4","612.2","3.2","0.1","123.7"
"","high","0.0","5.0","0.0","47.1","689.0","5.0","0.0","154.9"
"","low","0.0","0.0","0.0","38.0","550.0","2.2","0.4","116.6"
"DJ Chark Jr.","LAChigh","WR74","0.0","1.8","0.0","39.1","560.6","4.7","0.5","122.7"
"","high","0.0","7.0","0.0","41.8","621.2","8.0","0.0","148.2"
"","low","0.0","0.0","0.0","37.0","514.0","2.9","1.0","111.1"
"Blake Corum","LARhigh","RB46","138.3","588.5","4.6","19.5","152.3","0.7","1.5","122.6"
"","high","166.4","723.1","6.0","23.0","165.8","1.1","0.6","147.2"
"","low","97.0","427.0","3.0","13.0","129.6","0.0","3.0","96.5"
"Zach Charbonnet","SEAhigh","RB47","117.5","486.4","2.9","31.8","213.2","0.8","0.8","122.3"
"","high","123.0","531.5","3.5","35.5","245.3","1.2","0.3","143.0"
"","low","108.4","441.5","2.0","26.0","187.0","0.0","1.0","95.8"
"Tyler Allgeier","ATLhigh","RB48","134.3","549.2","3.8","21.1","167.1","1.2","0.8","121.2"
"","high","138.2","567.9","4.9","28.0","212.0","2.0","0.3","134.3"
"","low","129.0","517.0","3.0","17.0","127.0","0.9","1.0","112.1"
"Cade Otton","TBhigh","TE19","0.0","0.0","0.0","49.3","490.0","3.8","0.4","119.9"
"","high","0.0","0.0","0.0","55.0","525.0","4.0","0.0","173.6"
"","low","0.0","0.0","0.0","43.4","456.6","3.3","1.0","112.3"
"Luke Musgrave","GBhigh","TE20","0.0","0.0","0.0","47.5","497.4","3.4","0.1","117.7"
"","high","0.0","0.0","0.0","58.0","606.0","4.0","0.0","177.0"
"","low","0.0","0.0","0.0","38.0","381.3","2.3","0.3","99.1"
"Taysom Hill","NOhigh","TE21","49.6","296.3","3.2","28.8","272.3","2.1","0.4","116.6"
"","high","49.6","344.0","4.0","32.5","316.5","2.3","0.0","146.9"
"","low","49.6","248.6","2.3","22.0","226.0","2.0","0.7","111.9"
"Trey Benson","ARIhigh","RB49","134.3","578.6","3.9","19.1","139.4","0.9","1.5","116.6"
"","high","156.0","739.0","6.0","25.7","181.7","1.0","0.6","137.8"
"","low","106.0","455.0","3.0","14.0","102.2","0.5","3.0","102.5"
"Jalen McMillan","TBhigh","WR75","0.7","7.5","0.0","43.9","524.2","3.3","0.8","115.4"
"","high","2.0","22.0","0.0","55.0","583.0","4.0","0.0","183.4"
"","low","0.0","0.0","0.0","38.0","450.0","2.9","2.0","103.9"
"Josh Reynolds","DENhigh","WR76","0.0","1.5","0.0","41.0","532.4","3.6","0.5","115.2"
"","high","0.0","6.0","0.0","45.3","585.5","5.0","0.0","141.3"
"","low","0.0","0.0","0.0","36.0","457.0","2.9","1.0","113.1"
"Chigoziem Okonkwo","TENhigh","TE22","0.0","2.0","0.0","48.2","513.2","2.7","0.4","114.9"
"","high","0.0","4.0","0.0","52.0","587.8","3.0","0.0","147.3"
"","low","0.0","0.0","0.0","41.0","417.0","2.0","1.0","105.2"
"Tyler Boyd","TENhigh","WR77","1.3","7.6","0.0","47.4","512.1","2.5","0.5","113.5"
"","high","2.0","11.6","0.1","58.1","579.0","3.0","0.0","158.4"
"","low","0.0","0.0","0.0","42.5","475.3","2.0","1.0","103.4"
"Marvin Mims Jr.","DENhigh","WR78","3.9","23.5","0.1","41.2","541.1","2.6","0.3","113.5"
"","high","7.8","44.6","0.3","44.3","572.0","3.0","0.0","166.0"
"","low","0.0","0.0","0.0","38.4","495.6","2.1","0.5","112.3"
"Jalin Hyatt","NYGhigh","WR79","0.0","1.0","0.0","43.2","539.6","2.5","0.3","111.9"
"","high","0.0","3.0","0.0","54.6","672.2","3.0","0.0","127.4"
"","low","0.0","0.0","0.0","23.0","343.0","2.0","0.6","112.8"
"Juwan Johnson","NOhigh","TE23","0.0","0.0","0.0","41.7","453.9","4.1","0.1","111.7"
"","high","0.0","0.0","0.0","49.3","525.6","6.0","0.0","127.6"
"","low","0.0","0.0","0.0","32.0","359.0","3.0","0.2","110.0"
"Khalil Herbert","CHIhigh","RB50","148.1","597.0","3.4","16.6","114.7","0.9","0.8","111.6"
"","high","186.2","812.0","4.8","23.0","151.0","1.0","0.5","141.6"
"","low","125.1","427.0","2.8","10.0","76.0","0.7","1.0","94.6"
"Noah Fant","SEAhigh","TE24","0.0","0.0","0.0","45.9","488.6","2.8","0.1","111.2"
"","high","0.0","0.0","0.0","50.0","517.0","3.0","0.0","164.5"
"","low","0.0","0.0","0.0","41.0","453.0","1.9","0.2","102.5"
"Quentin Johnston","LAChigh","WR80","1.7","6.8","0.0","40.6","504.7","3.2","0.1","110.8"
"","high","3.0","13.4","0.1","49.0","614.0","4.0","0.0","175.6"
"","low","0.0","0.0","0.0","29.6","340.0","1.8","0.4","85.4"
"Kendrick Bourne","NEhigh","WR81","2.8","17.1","0.0","39.1","471.3","3.1","0.5","105.9"
"","high","4.0","29.0","0.0","41.0","493.0","4.0","0.0","146.6"
"","low","1.5","10.2","0.0","37.2","437.9","2.4","1.0","98.1"
"Tim Patrick","DEThigh","WR82","0.0","9.0","0.0","38.0","467.0","3.0","0.0","103.6"
"","high","0.0","9.0","0.0","38.0","467.0","3.0","0.0","141.6"
"","low","0.0","9.0","0.0","38.0","467.0","3.0","0.0","141.6"
"Roman Wilson","PIThigh","WR83","0.7","10.0","0.0","37.0","480.1","2.8","0.4","102.0"
"","high","2.0","29.0","0.0","50.0","672.0","4.0","0.0","181.1"
"","low","0.0","0.0","0.0","24.8","318.6","1.7","1.0","78.8"
"Isaiah Likely","BALhigh","TE25","0.0","0.0","0.0","35.2","423.2","4.1","0.1","102.0"
"","high","0.0","0.0","0.0","41.3","546.0","8.0","0.0","130.2"
"","low","0.0","0.0","0.0","27.0","315.0","3.0","0.2","84.7"
"Jalen Tolbert","DALhigh","WR84","0.0","2.3","0.0","37.5","464.5","3.0","0.2","101.8"
"","high","0.0","7.0","0.0","43.3","574.2","3.5","0.0","142.7"
"","low","0.0","0.0","0.0","29.1","354.4","2.6","0.5","87.9"
"Bucky Irving","TBhigh","RB51","116.2","436.7","2.8","21.0","164.8","1.0","1.5","100.7"
"","high","138.0","505.0","4.0","26.6","207.0","1.1","0.5","108.0"
"","low","103.4","351.0","2.0","16.4","115.2","0.8","3.0","96.8"
"Greg Dortch","ARIhigh","WR85","3.2","21.2","0.1","40.9","424.0","2.5","0.1","100.5"
"","high","4.1","25.6","0.2","55.0","540.0","4.0","0.0","170.4"
"","low","2.5","14.3","0.0","29.9","333.1","1.2","0.4","86.0"
"Jahan Dotson","PHIhigh","WR86","0.0","2.0","0.0","35.5","436.3","3.5","0.4","99.2"
"","high","0.0","8.0","0.0","41.0","518.0","6.0","0.0","137.3"
"","low","0.0","0.0","0.0","28.2","330.3","2.2","1.0","81.5"
"Andrei Iosivas","CINhigh","WR87","0.0","3.3","0.0","36.3","425.3","3.2","0.2","98.2"
"","high","0.0","10.0","0.0","38.6","442.1","3.4","0.0","134.0"
"","low","0.0","0.0","0.0","35.0","396.9","3.0","0.4","95.5"
"Hayden Hurst","LAChigh","TE26","0.0","0.0","0.0","40.6","390.8","2.9","0.1","96.6"
"","high","0.0","0.0","0.0","54.5","467.6","3.2","0.0","109.4"
"","low","0.0","0.0","0.0","28.0","288.0","2.0","0.3","88.6"
"Jermaine Burton","CINhigh","WR88","0.7","4.3","0.0","34.9","443.0","2.9","0.4","96.5"
"","high","2.0","10.0","0.0","47.0","649.0","4.0","0.0","159.5"
"","low","0.0","0.0","0.0","21.9","257.6","1.8","1.0","71.0"
"Tre Tucker","LVhigh","WR89","6.1","39.9","0.2","35.0","424.4","2.4","0.3","96.4"
"","high","12.1","77.8","0.5","44.2","570.7","3.0","0.0","131.6"
"","low","0.0","0.0","0.0","24.8","318.5","1.9","0.6","78.0"
"Ray-Ray McCloud III","ATLhigh","WR90","6.9","46.8","0.2","36.5","374.1","2.8","0.2","96.1"
"","high","9.5","55.2","0.5","39.7","411.5","3.0","0.0","135.1"
"","low","4.3","32.1","0.0","33.8","317.8","2.6","0.5","89.8"
"Elijah Moore","CLEhigh","WR91","4.4","14.7","0.0","37.2","428.5","2.5","0.4","95.9"
"","high","9.0","21.9","0.2","54.0","617.0","3.0","0.0","136.2"
"","low","0.0","0.0","0.0","25.3","324.8","1.7","1.0","83.8"
"Jonnu Smith","MIAhigh","TE27","0.0","0.0","0.0","37.8","417.0","2.9","0.4","95.9"
"","high","0.0","0.0","0.0","45.0","524.0","4.0","0.0","128.2"
"","low","0.0","0.0","0.0","31.4","364.0","2.0","1.0","88.3"
"Troy Franklin","DENhigh","WR92","0.0","2.5","0.0","35.6","443.3","2.5","0.1","95.0"
"","high","0.0","5.0","0.0","38.0","466.0","3.0","0.0","138.7"
"","low","0.0","0.0","0.0","33.2","420.7","2.0","0.2","89.5"
"Noah Brown","WAShigh","WR93","0.3","0.8","0.0","33.9","465.9","2.1","0.1","92.7"
"","high","1.0","3.0","0.0","51.1","686.3","2.9","0.0","119.5"
"","low","0.0","0.0","0.0","18.0","249.0","1.3","0.2","75.0"
"MarShawn Lloyd","GBhigh","RB52","97.2","405.8","3.1","16.8","131.1","0.9","1.1","92.2"
"","high","146.0","597.0","6.0","23.0","166.0","1.0","0.3","111.8"
"","low","56.1","244.2","1.4","13.0","116.4","0.7","2.0","65.4"
"Malachi Corley","NYJhigh","WR94","3.6","24.7","0.1","35.2","404.1","2.5","0.7","92.0"
"","high","8.8","53.9","0.5","50.0","527.0","4.0","0.0","165.5"
"","low","0.0","0.0","0.0","21.4","266.2","1.7","2.0","71.9"
"Ricky Pearsall","SFhigh","WR95","2.4","15.3","0.1","32.2","393.9","3.0","0.1","91.5"
"","high","4.7","29.0","0.3","51.0","614.0","5.0","0.0","176.3"
"","low","0.0","0.0","0.0","19.0","215.0","1.6","0.2","63.0"
"Jonathan Mingo","CARhigh","WR96","0.0","3.0","0.0","36.0","422.7","2.1","0.1","90.7"
"","high","0.0","12.0","0.0","46.0","500.0","3.0","0.0","138.7"
"","low","0.0","0.0","0.0","27.7","315.5","1.5","0.4","76.1"
"Luke McCaffrey","WAShigh","WR97","0.7","9.3","0.0","35.6","420.1","2.1","0.4","90.5"
"","high","2.0","28.0","0.0","53.0","582.0","3.0","0.0","167.6"
"","low","0.0","0.0","0.0","17.7","205.8","1.0","1.0","62.0"
"Mike Gesicki","CINhigh","TE28","0.0","0.0","0.0","35.9","352.8","3.1","0.1","89.7"
"","high","0.0","0.0","0.0","44.1","417.0","5.0","0.0","102.4"
"","low","0.0","0.0","0.0","26.0","285.0","2.0","0.2","82.4"
"Ray Davis","BUFhigh","RB53","86.4","373.7","2.9","17.2","143.2","0.8","1.2","88.8"
"","high","103.0","458.0","4.0","21.0","203.0","1.0","0.4","91.2"
"","low","73.8","312.0","2.2","13.0","94.0","0.5","2.0","79.0"
"Zach Ertz","WAShigh","TE29","0.0","0.0","0.0","37.9","349.2","2.7","0.1","88.8"
"","high","0.0","0.0","0.0","54.0","486.0","5.0","0.0","118.0"
"","low","0.0","0.0","0.0","31.6","297.6","2.0","0.2","80.5"
"Jamaal Williams","NOhigh","RB54","114.7","420.2","3.0","17.9","102.3","0.3","0.5","88.6"
"","high","122.0","479.9","3.7","25.2","147.7","0.7","0.0","101.7"
"","low","100.7","388.0","2.2","12.0","77.0","0.0","1.0","66.9"
"Ben Sinnott","WAShigh","TE30","0.0","0.0","0.0","36.8","373.7","2.4","0.4","88.0"
"","high","0.0","0.0","0.0","45.0","462.0","3.0","0.0","130.6"
"","low","0.0","0.0","0.0","26.0","272.0","1.7","1.0","76.0"
"Jordan Mason","SFhigh","RB55","100.3","441.9","3.8","10.1","74.0","0.6","0.1","87.7"
"","high","113.0","556.0","6.0","14.0","104.0","1.0","0.0","98.6"
"","low","88.6","397.0","2.9","1.0","13.0","0.0","0.3","81.4"
"Alexander Mattison","LVhigh","RB56","113.7","424.9","2.6","14.5","97.8","1.0","0.9","86.6"
"","high","124.9","511.7","3.2","20.0","128.0","2.0","0.6","94.6"
"","low","94.0","337.0","2.0","11.3","77.1","0.5","1.0","68.5"
"Tyrone Tracy Jr.","NYGhigh","RB57","102.4","396.5","2.5","16.3","119.5","0.8","1.1","85.5"
"","high","154.0","650.0","4.0","21.9","150.1","1.0","0.0","101.3"
"","low","73.1","299.0","1.8","14.0","86.0","0.5","3.0","72.5"
"Dyami Brown","WAShigh","WR98","0.0","2.8","0.0","29.6","401.7","2.4","0.1","84.3"
"","high","0.0","9.0","0.0","34.0","426.0","3.0","0.0","123.4"
"","low","0.0","0.0","0.0","24.3","363.8","1.7","0.3","75.6"
"Theo Johnson","NYGhigh","TE31","0.0","0.0","0.0","35.6","345.7","2.3","0.6","83.0"
"","high","0.0","0.0","0.0","39.0","370.0","3.0","0.2","85.3"
"","low","0.0","0.0","0.0","32.0","317.0","2.0","1.0","74.6"
"Greg Dulcich","DENhigh","TE32","0.0","0.0","0.0","33.5","377.0","1.9","0.1","82.4"
"","high","0.0","0.0","0.0","39.0","526.0","2.0","0.0","112.6"
"","low","0.0","0.0","0.0","29.2","328.7","1.4","0.2","74.8"
"Tucker Kraft","GBhigh","TE33","0.0","0.0","0.0","32.7","341.5","2.5","0.1","81.7"
"","high","0.0","0.0","0.0","34.4","371.0","3.0","0.0","120.2"
"","low","0.0","0.0","0.0","29.1","299.7","2.0","0.2","75.6"
"Braelon Allen","NYJhigh","RB58","103.9","393.4","2.7","12.6","96.1","0.8","0.8","81.1"
"","high","126.0","509.0","4.0","13.1","119.0","1.0","0.0","84.6"
"","low","78.4","280.0","2.0","12.0","83.9","0.5","2.0","74.9"
"John Stephens Jr.","DALhigh","WR99","2.0","10.0","0.0","29.6","387.5","2.3","1.0","80.9"
"","high","2.0","10.0","0.0","53.0","711.0","4.0","0.0","112.6"
"","low","2.0","10.0","0.0","6.2","63.9","0.5","2.0","39.1"
"Odell Beckham Jr.","MIAhigh","WR100","0.0","2.0","0.0","27.9","379.6","2.6","0.4","80.6"
"","high","0.0","7.0","0.0","35.0","509.0","3.0","0.0","122.9"
"","low","0.0","0.0","0.0","19.9","252.9","1.8","1.0","63.6"
"Kalif Raymond","DEThigh","WR101","2.2","24.6","0.1","28.9","357.0","1.9","0.2","78.5"
"","high","4.5","44.0","0.2","32.5","397.6","2.0","0.0","101.7"
"","low","0.0","0.0","0.0","25.0","314.0","1.8","0.4","78.7"
"Gerald Everett","CHIhigh","TE34","0.0","0.0","0.0","32.5","302.0","2.6","0.1","77.9"
"","high","0.0","0.0","0.0","44.0","404.0","4.0","0.0","94.9"
"","low","0.0","0.0","0.0","25.0","254.0","2.0","0.3","70.0"
"Dawson Knox","BUFhigh","TE35","0.0","0.0","0.0","28.3","297.4","3.3","0.1","77.6"
"","high","0.0","0.0","0.0","32.0","327.0","5.0","0.0","107.0"
"","low","0.0","0.0","0.0","22.0","215.0","2.0","0.2","61.8"
"Kylen Granson","INDhigh","TE36","0.0","0.0","0.0","31.0","333.6","2.1","0.1","76.8"
"","high","0.0","0.0","0.0","36.6","368.1","2.4","0.0","103.3"
"","low","0.0","0.0","0.0","26.0","277.0","2.0","0.2","70.7"
"Tyler Higbee","LARhigh","TE37","0.0","0.0","0.0","31.8","323.9","2.0","0.1","76.3"
"","high","0.0","0.0","0.0","39.0","391.0","2.8","0.0","90.9"
"","low","0.0","0.0","0.0","23.0","241.0","1.4","0.2","72.0"
"Cedrick Wilson Jr.","NOhigh","WR102","0.3","2.3","0.0","26.6","330.5","2.7","0.1","76.1"
"","high","1.0","6.0","0.0","34.0","434.0","5.0","0.0","91.6"
"","low","0.0","0.0","0.0","18.1","221.1","1.4","0.2","57.1"
"Trey Palmer","TBhigh","WR103","4.2","20.2","0.1","27.6","329.0","2.0","0.2","74.9"
"","high","4.6","26.2","0.2","34.7","440.0","2.6","0.0","90.5"
"","low","3.9","10.0","0.0","14.0","172.0","1.0","0.4","65.8"
"Treylon Burks","TENhigh","WR104","1.8","18.7","0.1","27.0","357.8","1.8","0.6","74.4"
"","high","3.6","34.0","0.2","40.0","519.0","3.0","0.2","138.3"
"","low","0.0","0.0","0.0","20.3","269.6","1.1","1.0","61.1"
"Ja'Tavion Sanders","CARhigh","TE38","0.0","0.0","0.0","29.9","311.0","2.3","0.4","74.0"
"","high","0.0","0.0","0.0","38.0","355.0","3.0","0.0","115.4"
"","low","0.0","0.0","0.0","19.5","198.0","1.2","1.0","56.7"
"Zay Jones","ARIhigh","WR105","0.3","2.3","0.0","29.2","309.2","2.2","0.4","72.7"
"","high","1.0","6.0","0.0","40.0","383.0","3.0","0.0","116.1"
"","low","0.0","0.0","0.0","16.6","161.6","0.8","1.0","50.4"
"Alec Pierce","INDhigh","WR106","0.0","1.3","0.0","24.1","362.6","2.0","0.1","72.5"
"","high","0.0","5.0","0.0","29.0","486.0","3.0","0.0","99.8"
"","low","0.0","0.0","0.0","17.5","246.2","1.3","0.2","56.2"
"Michael Mayer","LVhigh","TE39","0.0","0.0","0.0","29.0","313.0","2.0","0.1","72.1"
"","high","0.0","0.0","0.0","37.0","435.0","3.0","0.0","96.7"
"","low","0.0","0.0","0.0","24.1","242.0","1.3","0.2","63.1"
"Jalen Nailor","MINhigh","WR107","0.0","0.3","0.0","27.5","341.6","1.7","0.1","71.7"
"","high","0.0","1.0","0.0","34.0","471.0","2.0","0.0","105.6"
"","low","0.0","0.0","0.0","17.4","218.5","0.9","0.2","54.5"
"Daniel Bellinger","NYGhigh","TE40","0.0","0.0","0.0","31.4","297.5","1.8","0.1","71.7"
"","high","0.0","0.0","0.0","44.0","369.5","3.0","0.0","96.3"
"","low","0.0","0.0","0.0","21.9","178.8","0.9","0.2","54.3"
"Miles Sanders","CARhigh","RB59","96.9","349.5","2.0","16.2","99.8","0.1","1.2","71.5"
"","high","125.0","468.0","3.0","32.0","173.0","0.3","0.6","86.6"
"","low","68.4","194.0","1.0","6.0","44.0","0.0","2.0","50.0"
"Colby Parkinson","LARhigh","TE41","0.0","0.0","0.0","27.8","293.6","2.3","0.1","70.6"
"","high","0.0","0.0","0.0","34.0","366.0","3.0","0.0","116.4"
"","low","0.0","0.0","0.0","18.0","201.0","1.7","0.2","51.8"
"Samaje Perine","KChigh","RB60","46.9","199.6","1.2","22.0","172.8","0.8","0.8","69.9"
"","high","66.0","314.0","2.0","34.6","275.3","1.8","0.0","85.8"
"","low","33.6","147.6","0.9","12.4","87.8","0.0","2.0","53.6"
"Roschon Johnson","CHIhigh","RB61","66.9","263.1","2.0","17.9","118.5","0.4","0.8","69.3"
"","high","93.0","396.0","3.0","34.0","209.0","1.0","0.3","82.7"
"","low","53.5","207.0","1.4","8.7","58.1","0.0","1.0","55.5"
"Calvin Austin III","PIThigh","WR108","4.5","36.3","0.1","25.4","294.8","1.6","0.2","68.8"
"","high","9.0","55.0","0.4","30.0","321.0","2.0","0.0","105.0"
"","low","0.0","0.0","0.0","21.0","277.6","1.1","0.3","64.4"
"Tank Bigsby","JAChigh","RB62","101.5","343.1","3.6","9.2","62.8","0.3","2.2","68.6"
"","high","122.0","391.5","6.0","12.9","91.0","0.5","0.0","80.4"
"","low","82.5","307.0","2.6","1.0","6.0","0.0","6.0","55.2"
"A.T. Perry","NOhigh","WR109","0.3","1.8","0.0","21.8","318.3","2.4","0.0","68.4"
"","high","1.0","4.0","0.0","40.0","650.0","6.0","0.0","113.8"
"","low","0.0","0.0","0.0","3.7","43.7","0.3","0.0","28.1"
"Tommy Tremble","CARhigh","TE42","0.0","0.0","0.0","27.5","261.6","2.5","0.1","68.3"
"","high","0.0","0.0","0.0","35.8","334.7","5.0","0.0","72.5"
"","low","0.0","0.0","0.0","16.0","170.0","1.0","0.2","66.5"
"Van Jefferson","PIThigh","WR110","0.0","4.0","0.0","24.1","327.2","1.9","0.1","68.3"
"","high","0.0","12.0","0.0","27.6","402.6","2.0","0.0","92.0"
"","low","0.0","0.0","0.0","20.7","272.1","1.7","0.3","61.1"
"Jauan Jennings","SFhigh","WR111","0.0","3.3","0.0","24.8","303.0","2.0","0.1","67.1"
"","high","0.0","10.0","0.0","37.0","452.0","3.0","0.0","126.0"
"","low","0.0","0.0","0.0","16.4","190.8","1.4","0.2","52.2"
"Kenneth Gainwell","PHIhigh","RB63","66.8","260.6","1.9","17.2","120.3","0.4","1.2","67.1"
"","high","115.0","488.0","4.0","29.0","201.0","1.0","0.6","88.2"
"","low","21.1","87.2","0.7","5.7","37.4","0.0","2.0","34.8"
"Cedric Tillman","CLEhigh","WR112","0.0","1.7","0.0","24.2","308.0","2.0","0.2","66.5"
"","high","0.0","5.0","0.0","28.7","374.9","2.2","0.0","88.1"
"","low","0.0","0.0","0.0","21.8","255.0","1.7","0.3","59.1"
"Jaylen Wright","MIAhigh","RB64","57.8","270.1","2.2","12.8","104.4","0.7","0.8","66.5"
"","high","102.0","478.0","5.0","17.0","180.0","1.0","0.0","93.8"
"","low","20.0","82.6","0.5","8.7","60.4","0.4","2.0","31.7"
"Nelson Agholor","BALhigh","WR113","0.0","2.0","0.0","23.3","291.8","2.1","0.1","65.2"
"","high","0.0","6.0","0.0","25.7","325.5","2.3","0.0","80.7"
"","low","0.0","0.0","0.0","20.0","248.0","2.0","0.3","65.7"
"KaVontae Turpin","DALhigh","WR114","8.7","67.2","0.4","18.7","220.4","2.7","0.4","65.0"
"","high","13.0","127.0","1.0","26.0","291.0","6.0","0.0","84.7"
"","low","4.6","26.1","0.0","11.0","124.0","1.0","1.0","57.5"
"K.J. Osborn","NEhigh","WR115","0.0","2.0","0.0","24.8","299.7","1.7","0.1","64.7"
"","high","0.0","6.0","0.0","33.0","427.0","3.0","0.0","119.1"
"","low","0.0","0.0","0.0","13.3","138.3","0.6","0.2","42.2"
"Clyde Edwards-Helaire","KChigh","RB65","58.3","225.3","1.5","14.2","119.0","1.2","0.5","63.8"
"","high","79.2","340.7","2.3","21.0","189.0","2.0","0.0","85.1"
"","low","34.6","143.6","0.9","3.4","27.5","0.1","1.0","37.6"
"Devontez Walker","BALhigh","WR116","0.0","3.5","0.0","22.3","273.2","2.0","0.0","62.1"
"","high","0.0","7.0","0.0","32.0","394.0","3.0","0.0","112.4"
"","low","0.0","0.0","0.0","12.6","152.3","1.1","0.1","43.9"
"Dameon Pierce","HOUhigh","RB66","72.8","306.3","2.2","10.5","76.8","0.2","0.5","61.9"
"","high","90.7","436.0","3.0","13.0","100.0","0.5","0.0","85.8"
"","low","57.6","219.0","1.4","8.8","58.0","0.0","1.0","39.5"
"Audric Estime","DENhigh","RB67","68.2","275.6","1.9","12.9","96.9","0.5","1.4","61.7"
"","high","108.0","454.0","3.0","16.7","120.4","1.0","0.3","72.9"
"","low","47.5","205.0","1.2","10.0","86.1","0.0","2.0","52.0"
"D'Onta Foreman","CLEhigh","RB68","64.2","280.4","2.0","10.6","78.1","0.3","0.2","59.8"
"","high","78.0","327.8","2.6","15.1","108.5","0.5","0.0","72.6"
"","low","50.5","211.3","1.4","6.7","51.7","0.0","0.4","46.7"
"Olamide Zaccheaus","WAShigh","WR117","0.0","5.0","0.0","22.1","270.4","1.6","0.1","58.9"
"","high","0.0","15.0","0.0","36.0","441.0","3.0","0.0","121.7"
"","low","0.0","0.0","0.0","6.8","89.3","0.5","0.2","33.8"
"Javon Baker","NEhigh","WR118","0.0","7.3","0.0","22.4","269.0","1.4","0.0","58.6"
"","high","0.0","22.0","0.0","40.0","485.0","3.0","0.0","131.1"
"","low","0.0","0.0","0.0","12.7","145.3","0.7","0.1","40.7"
"Will Dissly","LAChigh","TE43","0.0","0.0","0.0","24.8","238.6","1.6","0.1","58.0"
"","high","0.0","0.0","0.0","40.8","412.5","2.5","0.0","80.4"
"","low","0.0","0.0","0.0","10.0","102.0","1.0","0.2","37.8"
"Justice Hill","BALhigh","RB69","57.8","231.2","1.6","13.8","102.4","0.5","0.8","57.8"
"","high","104.0","487.0","3.0","19.0","139.0","1.0","0.0","72.0"
"","low","16.6","69.8","0.5","5.0","35.6","0.0","2.0","28.4"
"KhaDarel Hodge","ATLhigh","WR119","0.0","0.0","0.0","20.6","272.0","1.7","0.3","57.4"
"","high","0.0","0.0","0.0","24.7","325.4","2.1","0.3","65.3"
"","low","0.0","0.0","0.0","16.4","218.6","1.3","0.3","50.0"
"Noah Gray","KChigh","TE44","0.0","0.0","0.0","22.7","237.7","1.7","0.1","56.7"
"","high","0.0","0.0","0.0","28.5","301.0","2.3","0.0","84.3"
"","low","0.0","0.0","0.0","4.8","48.6","0.4","0.2","29.7"
"Kendre Miller","NOhigh","RB70","54.2","221.8","1.7","11.9","100.5","0.5","0.7","55.7"
"","high","93.0","347.0","3.0","17.1","143.0","1.0","0.2","71.1"
"","low","23.7","96.0","0.6","6.5","46.4","0.0","1.0","31.1"
"Allen Lazard","NYJhigh","WR120","0.0","0.7","0.0","19.4","249.8","1.8","0.1","55.1"
"","high","0.0","2.0","0.0","32.4","403.8","2.8","0.0","76.4"
"","low","0.0","0.0","0.0","9.0","123.0","1.0","0.1","46.9"
"Xavier Gipson","NYJhigh","WR121","4.6","32.6","0.2","19.4","221.3","1.6","0.1","55.0"
"","high","4.8","42.0","0.3","28.0","302.0","2.2","0.0","99.8"
"","low","4.4","27.2","0.0","8.6","96.3","0.6","0.3","35.7"
"Emanuel Wilson","GBhigh","RB71","51.1","222.5","1.5","11.1","80.3","0.6","0.1","53.9"
"","high","61.4","264.9","2.0","16.0","118.0","1.0","0.0","80.7"
"","low","40.9","164.6","1.0","8.2","57.6","0.4","0.3","41.8"
"JuJu Smith-Schuster","KChigh","WR122","0.3","1.0","0.0","21.2","223.8","1.6","0.0","53.1"
"","high","1.0","2.0","0.0","46.0","480.0","3.0","0.0","79.3"
"","low","0.0","0.0","0.0","8.0","74.3","0.6","0.1","32.4"
"Kimani Vidal","LAChigh","RB72","47.0","231.9","1.6","10.8","76.5","0.3","0.1","52.5"
"","high","68.5","345.0","3.0","17.2","114.5","0.7","0.0","89.4"
"","low","30.0","112.0","0.8","3.0","25.0","0.0","0.2","21.8"
"Parker Washington","JAChigh","WR123","0.0","4.0","0.0","20.4","217.1","1.6","0.0","52.1"
"","high","0.0","12.0","0.0","36.0","386.0","3.0","0.0","114.2"
"","low","0.0","0.0","0.0","3.6","36.8","0.3","0.0","26.3"
"John Metchie III","HOUhigh","WR124","0.0","5.3","0.0","19.2","232.7","1.5","0.1","51.9"
"","high","0.0","16.0","0.0","28.0","324.0","2.0","0.0","93.2"
"","low","0.0","0.0","0.0","12.3","152.9","1.0","0.2","40.2"
"Ty Johnson","BUFhigh","RB73","39.7","165.3","1.1","13.1","111.2","0.7","0.2","51.0"
"","high","52.6","225.3","1.6","18.9","180.8","1.0","0.0","67.6"
"","low","26.8","110.6","0.7","6.4","51.7","0.4","0.4","35.3"
"Keaton Mitchell","BALhigh","RB74","52.5","255.0","1.6","8.6","69.4","0.2","0.7","50.7"
"","high","75.0","454.0","3.0","10.3","78.2","0.5","0.2","62.6"
"","low","41.2","178.0","1.0","7.0","53.5","0.0","1.0","40.4"
"Eric Gray","NYGhigh","RB75","39.5","206.5","1.4","10.8","73.4","0.5","0.1","50.4"
"","high","53.0","291.0","2.0","13.4","95.0","1.0","0.0","80.4"
"","low","26.0","104.3","0.7","6.1","36.6","0.2","0.3","29.6"
"Trenton Irwin","CINhigh","WR125","0.0","1.5","0.0","18.2","230.5","1.5","0.1","50.4"
"","high","0.0","4.0","0.0","36.0","483.0","3.0","0.0","75.2"
"","low","0.0","0.0","0.0","7.5","91.1","0.6","0.2","30.8"
"Tutu Atwell","LARhigh","WR126","2.2","14.1","0.1","17.4","229.7","1.2","0.1","49.1"
"","high","2.3","17.0","0.2","19.7","265.0","1.3","0.0","68.3"
"","low","2.1","12.2","0.0","13.6","182.3","1.0","0.2","44.3"
"Mo Alie-Cox","INDhigh","TE45","0.0","0.0","0.0","17.3","193.9","2.0","0.0","48.8"
"","high","0.0","0.0","0.0","34.0","355.0","5.0","0.0","64.8"
"","low","0.0","0.0","0.0","10.0","107.0","1.0","0.1","35.4"
"Dalvin Cook","DALhigh","RB76","49.3","229.5","1.6","8.5","60.8","0.3","0.0","48.8"
"","high","66.5","294.5","2.0","15.4","106.5","0.9","0.0","64.1"
"","low","32.0","116.0","1.0","1.0","8.0","0.0","0.0","18.5"
"Trey Sermon","INDhigh","RB77","52.8","254.5","1.4","7.9","54.5","0.2","0.1","47.7"
"","high","64.7","318.0","2.0","12.0","81.5","0.4","0.0","69.2"
"","low","36.7","148.1","0.7","2.0","8.0","0.0","0.3","32.9"
"Chris Rodriguez Jr.","WAShigh","RB78","0.0","235.0","2.0","7.0","51.0","0.0","0.0","47.6"
"","high","0.0","235.0","2.0","7.0","51.0","0.0","0.0","54.6"
"","low","0.0","235.0","2.0","7.0","51.0","0.0","0.0","54.6"
"Josh Oliver","MINhigh","TE46","0.0","0.0","0.0","19.7","190.6","1.4","0.4","46.6"
"","high","0.0","0.0","0.0","27.0","258.0","2.0","0.0","48.3"
"","low","0.0","0.0","0.0","11.0","116.0","1.0","1.0","47.0"
"Durham Smythe","MIAhigh","TE47","0.0","0.0","0.0","19.6","191.4","1.3","0.0","46.4"
"","high","0.0","0.0","0.0","37.0","385.0","2.0","0.0","69.8"
"","low","0.0","0.0","0.0","4.8","44.9","0.2","0.1","25.8"
"Isaac Guerendo","SFhigh","RB79","39.2","226.5","1.9","6.5","52.9","0.1","0.1","46.1"
"","high","45.4","336.0","3.0","12.0","91.0","0.3","0.0","79.2"
"","low","33.0","147.0","1.0","2.0","27.0","0.0","0.2","19.5"
"Emari Demercado","ARIhigh","RB80","34.2","148.9","1.1","13.4","88.4","0.4","0.4","45.0"
"","high","49.0","211.0","2.0","22.0","136.0","1.0","0.0","68.0"
"","low","9.9","40.5","0.2","3.9","24.4","0.0","1.0","21.9"
"Austin Hooper","NEhigh","TE48","0.0","0.0","0.0","19.4","184.1","0.9","0.0","43.3"
"","high","0.0","0.0","0.0","29.0","265.0","1.1","0.0","50.5"
"","low","0.0","0.0","0.0","11.0","109.0","0.6","0.1","34.6"
"Adam Trautman","DENhigh","TE49","0.0","0.0","0.0","17.3","168.4","1.5","0.0","43.3"
"","high","0.0","0.0","0.0","25.0","236.0","3.0","0.0","50.3"
"","low","0.0","0.0","0.0","12.3","118.7","0.7","0.1","33.4"
"Brevin Jordan","HOUhigh","TE50","0.0","0.0","0.0","14.6","183.8","1.7","0.0","43.2"
"","high","0.0","0.0","0.0","26.0","401.0","5.0","0.0","76.6"
"","low","0.0","0.0","0.0","8.1","86.8","0.6","0.1","26.9"
"Tanner Hudson","CINhigh","TE51","0.0","0.0","0.0","17.8","171.4","1.4","0.0","43.1"
"","high","0.0","0.0","0.0","25.0","245.0","2.0","0.0","73.9"
"","low","0.0","0.0","0.0","12.0","113.0","0.6","0.1","27.8"
"Brock Wright","DEThigh","TE52","0.0","0.0","0.0","17.1","163.2","1.6","0.1","43.1"
"","high","0.0","0.0","0.0","27.0","251.0","3.0","0.0","51.1"
"","low","0.0","0.0","0.0","8.2","83.6","0.7","0.1","29.4"
"Jaheim Bell","NEhigh","TE53","0.0","0.0","0.0","16.5","172.5","1.5","0.0","42.8"
"","high","0.0","0.0","0.0","23.0","253.0","2.0","0.0","76.8"
"","low","0.0","0.0","0.0","10.0","92.0","1.0","0.0","26.5"
"Tyquan Thornton","NEhigh","WR127","1.2","8.0","0.0","16.0","198.6","1.0","0.1","42.6"
"","high","2.4","16.1","0.1","20.5","240.0","1.1","0.0","48.1"
"","low","0.0","0.0","0.0","9.0","117.0","0.9","0.2","43.5"
"Cordarrelle Patterson","PIThigh","RB81","36.0","155.5","1.1","10.4","79.1","0.4","0.1","42.4"
"","high","38.0","173.6","1.2","17.7","136.6","0.9","0.0","55.2"
"","low","33.0","139.0","1.0","3.0","23.0","0.0","0.2","23.4"
"Johnny Mundt","MINhigh","TE54","0.0","0.0","0.0","18.4","174.1","1.0","0.1","42.0"
"","high","0.0","0.0","0.0","24.0","222.7","1.3","0.0","58.9"
"","low","0.0","0.0","0.0","15.7","139.6","0.9","0.2","31.4"
"D.J. Montgomery","INDhigh","WR128","0.0","6.0","0.0","16.0","192.0","1.0","0.0","41.8"
"","high","0.0","6.0","0.0","16.0","192.0","1.0","0.0","57.8"
"","low","0.0","6.0","0.0","16.0","192.0","1.0","0.0","57.8"
"Mack Hollins","BUFhigh","WR129","0.0","0.0","0.0","14.4","185.4","1.3","0.0","40.7"
"","high","0.0","0.0","0.0","23.3","305.8","2.0","0.0","56.9"
"","low","0.0","0.0","0.0","10.0","122.3","0.9","0.1","32.0"
"Jeremy Ruckert","NYJhigh","TE55","0.0","0.0","0.0","16.7","165.9","1.2","0.1","40.5"
"","high","0.0","0.0","0.0","26.0","257.0","2.0","0.0","59.6"
"","low","0.0","0.0","0.0","4.3","40.6","0.3","0.2","22.5"
"Will Shipley","PHIhigh","RB82","33.9","180.0","1.5","6.3","47.7","0.4","0.1","40.3"
"","high","34.1","286.0","2.0","11.0","84.0","1.0","0.0","72.3"
"","low","33.7","143.7","0.8","2.0","25.0","0.0","0.2","25.3"
"Jake Bobo","SEAhigh","WR130","0.0","1.3","0.0","15.0","173.7","1.3","0.1","39.9"
"","high","0.0","4.0","0.0","20.0","246.0","2.0","0.0","72.0"
"","low","0.0","0.0","0.0","10.4","118.3","0.8","0.2","31.2"
"Elijah Higgins","ARIhigh","TE56","0.0","0.0","0.0","16.3","177.6","1.0","0.0","39.9"
"","high","0.0","0.0","0.0","31.0","373.0","2.0","0.0","57.3"
"","low","0.0","0.0","0.0","3.6","33.2","0.2","0.1","20.8"
"David Bell","CLEhigh","WR131","0.0","1.0","0.0","15.2","157.5","1.5","0.0","39.9"
"","high","0.0","4.0","0.0","33.0","330.0","4.0","0.0","63.2"
"","low","0.0","0.0","0.0","6.8","71.5","0.3","0.1","24.1"
"Evan Hull","INDhigh","RB83","0.0","134.0","1.0","8.0","59.0","1.0","0.0","39.3"
"","high","0.0","134.0","1.0","8.0","59.0","1.0","0.0","47.3"
"","low","0.0","134.0","1.0","8.0","59.0","1.0","0.0","47.3"
"Kyle Juszczyk","SFhigh","RB84","5.6","20.2","0.1","15.0","143.4","1.1","0.0","38.8"
"","high","7.0","21.0","0.2","25.0","268.0","2.0","0.0","46.0"
"","low","4.7","19.8","0.0","8.3","74.0","0.6","0.1","28.4"
"Isaiah Hodgins","NYGhigh","WR132","0.0","4.0","0.0","14.0","183.0","1.0","0.0","38.7"
"","high","0.0","4.0","0.0","14.0","183.0","1.0","0.0","52.7"
"","low","0.0","4.0","0.0","14.0","183.0","1.0","0.0","52.7"
"Cam Akers","HOUhigh","RB85","41.3","192.5","1.4","5.7","43.6","0.2","0.1","38.6"
"","high","48.8","248.0","2.0","8.8","71.0","0.4","0.0","52.9"
"","low","33.8","134.9","0.9","2.2","15.9","0.0","0.1","26.5"
"Rakim Jarrett","TBhigh","WR133","0.0","10.0","0.0","14.0","175.0","1.0","0.0","38.5"
"","high","0.0","10.0","0.0","14.0","175.0","1.0","0.0","52.5"
"","low","0.0","10.0","0.0","14.0","175.0","1.0","0.0","52.5"
"Deuce Vaughn","DALhigh","RB86","40.0","148.0","1.2","9.1","68.5","0.2","0.4","38.4"
"","high","58.0","244.8","2.0","14.0","99.2","0.6","0.0","56.8"
"","low","4.6","18.3","0.2","4.3","31.0","0.0","1.0","16.2"
"Donald Parham Jr.","DENhigh","TE57","0.0","0.0","0.0","14.4","150.6","1.4","0.0","38.1"
"","high","0.0","0.0","0.0","15.0","160.0","2.0","0.0","57.4"
"","low","0.0","0.0","0.0","13.9","141.1","0.9","0.0","33.8"
"Donovan Peoples-Jones","DEThigh","WR134","0.0","4.0","0.0","13.0","181.0","1.0","0.0","37.5"
"","high","0.0","4.0","0.0","13.0","181.0","1.0","0.0","50.5"
"","low","0.0","4.0","0.0","13.0","181.0","1.0","0.0","50.5"
"Pierre Strong Jr.","CLEhigh","RB87","51.1","226.6","1.2","5.5","42.3","0.1","1.4","37.4"
"","high","129.0","673.0","3.0","8.3","62.0","0.3","0.0","74.5"
"","low","8.3","34.5","0.2","3.0","30.0","0.0","4.0","14.8"
"Justin Watson","KChigh","WR135","0.0","0.0","0.0","12.3","172.9","1.2","0.1","36.9"
"","high","0.0","0.0","0.0","14.8","215.8","1.7","0.0","44.1"
"","low","0.0","0.0","0.0","11.0","144.0","1.0","0.2","33.8"
"Trent Sherfield Sr.","MINhigh","WR136","0.0","2.0","0.0","13.9","165.6","1.0","0.0","36.4"
"","high","0.0","4.0","0.0","14.8","167.0","1.0","0.0","50.0"
"","low","0.0","0.0","0.0","13.0","164.2","0.9","0.0","35.6"
"Robert Tonyan","MINhigh","TE58","0.0","0.0","0.0","15.0","153.0","1.0","0.0","36.3"
"","high","0.0","0.0","0.0","15.0","153.0","1.0","0.0","51.3"
"","low","0.0","0.0","0.0","15.0","153.0","1.0","0.0","51.3"
"Isaiah Williams","DEThigh","WR137","0.0","0.0","0.0","13.6","161.8","1.1","0.1","36.1"
"","high","0.0","0.0","0.0","13.6","161.8","1.1","0.1","37.5"
"","low","0.0","0.0","0.0","13.6","161.8","1.1","0.1","37.5"
"Darnell Washington","PIThigh","TE59","0.0","0.0","0.0","15.5","151.7","0.9","0.0","36.1"
"","high","0.0","0.0","0.0","23.8","222.2","1.7","0.0","51.8"
"","low","0.0","0.0","0.0","9.0","89.0","0.0","0.1","19.5"
"Brandon Powell","MINhigh","WR138","1.9","14.6","0.0","14.7","143.4","0.9","0.1","35.8"
"","high","3.8","23.0","0.1","18.4","173.2","1.0","0.0","51.1"
"","low","0.0","0.0","0.0","11.6","116.1","0.6","0.2","35.1"
"Parris Campbell","PHIhigh","WR139","0.0","5.0","0.0","14.0","152.0","1.0","0.0","35.7"
"","high","0.0","5.0","0.0","14.0","152.0","1.0","0.0","49.7"
"","low","0.0","5.0","0.0","14.0","152.0","1.0","0.0","49.7"
"Malik Washington","MIAhigh","WR140","2.1","13.3","0.1","12.6","157.0","1.0","0.0","35.6"
"","high","2.1","14.0","0.1","13.0","166.0","1.0","0.0","49.6"
"","low","2.1","12.6","0.0","12.2","148.0","0.9","0.1","35.2"
"Bub Means","NOhigh","WR141","0.0","0.0","0.0","13.2","160.2","1.1","0.0","35.5"
"","high","0.0","0.0","0.0","14.5","175.4","1.1","0.0","45.7"
"","low","0.0","0.0","0.0","12.0","145.0","1.0","0.1","37.4"
"Dylan Laube","LVhigh","RB88","27.0","145.3","1.1","7.7","57.2","0.1","0.0","35.2"
"","high","37.7","256.0","2.0","15.0","110.0","0.3","0.0","71.3"
"","low","15.2","62.3","0.3","2.0","22.0","0.0","0.1","18.7"
"Isaiah Davis","NYJhigh","RB89","45.7","168.4","1.3","5.6","41.0","0.1","0.1","34.7"
"","high","65.4","276.2","1.8","8.9","63.1","0.4","0.0","52.3"
"","low","26.0","104.0","1.0","3.0","23.0","0.0","0.3","16.6"
"Braxton Berrios","MIAhigh","WR142","0.0","2.7","0.0","14.4","140.5","0.9","0.1","34.2"
"","high","0.0","8.0","0.0","15.0","149.0","1.0","0.0","57.1"
"","low","0.0","0.0","0.0","14.0","130.7","0.9","0.2","32.5"
"Michael Carter","ARIhigh","RB90","0.0","111.0","1.0","10.0","69.0","0.0","0.0","34.0"
"","high","0.0","111.0","1.0","10.0","69.0","0.0","0.0","44.0"
"","low","0.0","111.0","1.0","10.0","69.0","0.0","0.0","44.0"
"Tyler Goodson","INDhigh","RB91","25.1","130.9","0.9","7.5","54.4","0.4","0.1","33.2"
"","high","48.0","205.5","1.5","16.0","120.0","1.0","0.0","65.6"
"","low","2.4","9.9","0.0","2.0","13.4","0.0","0.2","10.6"
"Ryan Flournoy","DALhigh","WR143","0.0","0.0","0.0","12.0","141.1","1.1","0.0","32.5"
"","high","0.0","0.0","0.0","13.0","156.3","1.2","0.0","41.6"
"","low","0.0","0.0","0.0","11.0","126.0","1.0","0.1","34.5"
"Luke Schoonmaker","DALhigh","TE60","0.0","0.0","0.0","12.4","123.9","1.3","0.0","32.4"
"","high","0.0","0.0","0.0","18.3","180.9","1.6","0.0","40.3"
"","low","0.0","0.0","0.0","7.0","59.0","1.0","0.1","20.4"
"Marquez Valdes-Scantling","BUFhigh","WR144","0.0","1.0","0.0","9.9","155.0","1.2","0.0","32.3"
"","high","0.0","3.0","0.0","15.0","226.0","2.0","0.0","59.8"
"","low","0.0","0.0","0.0","6.1","97.2","0.6","0.1","23.6"
"JaMycal Hasty","NEhigh","RB92","24.0","105.1","0.8","9.6","64.4","0.1","0.1","31.8"
"","high","29.4","127.0","1.0","11.7","78.7","0.4","0.0","45.7"
"","low","14.7","59.1","0.3","6.8","48.9","0.0","0.2","21.6"
"Connor Heyward","PIThigh","TE61","0.0","0.0","0.0","14.6","130.5","0.7","0.0","31.7"
"","high","0.0","0.0","0.0","24.0","202.0","1.2","0.0","38.8"
"","low","0.0","0.0","0.0","3.4","31.1","0.0","0.1","19.2"
"Ainias Smith","PHIhigh","WR145","0.0","6.0","0.0","11.0","141.0","1.0","0.0","31.7"
"","high","0.0","6.0","0.0","11.0","141.0","1.0","0.0","42.7"
"","low","0.0","6.0","0.0","11.0","141.0","1.0","0.0","42.7"
"Jamari Thrash","CLEhigh","WR146","0.0","6.0","0.0","11.0","141.0","1.0","0.0","31.7"
"","high","0.0","6.0","0.0","11.0","141.0","1.0","0.0","42.7"
"","low","0.0","6.0","0.0","11.0","141.0","1.0","0.0","42.7"
"Josh Whyle","TENhigh","TE62","0.0","0.0","0.0","12.5","127.7","1.1","0.0","31.6"
"","high","0.0","0.0","0.0","23.0","236.0","2.0","0.0","71.1"
"","low","0.0","0.0","0.0","1.8","18.2","0.2","0.1","15.0"
"Davis Allen","LARhigh","TE63","0.0","0.0","0.0","12.6","129.2","1.0","0.0","31.3"
"","high","0.0","0.0","0.0","13.3","137.2","1.1","0.0","44.8"
"","low","0.0","0.0","0.0","11.0","115.0","0.8","0.1","22.6"
"Johnny Wilson","PHIhigh","WR147","0.0","2.5","0.0","11.8","140.0","0.9","0.0","31.2"
"","high","0.0","5.0","0.0","14.0","167.0","1.0","0.0","49.0"
"","low","0.0","0.0","0.0","9.7","113.0","0.7","0.1","27.4"
"Jordan Akins","CLEhigh","TE64","0.0","0.0","0.0","12.5","124.7","1.0","0.1","31.0"
"","high","0.0","0.0","0.0","22.9","224.3","1.6","0.0","44.1"
"","low","0.0","0.0","0.0","8.0","80.0","0.5","0.2","22.5"
"Jacob Cowing","SFhigh","WR148","0.0","6.0","0.0","11.0","134.0","1.0","0.0","31.0"
"","high","0.0","6.0","0.0","11.0","134.0","1.0","0.0","42.0"
"","low","0.0","6.0","0.0","11.0","134.0","1.0","0.0","42.0"
"Jase McClellan","ATLhigh","RB93","31.2","129.1","1.0","5.4","43.7","0.4","0.0","30.9"
"","high","34.0","151.0","1.0","10.0","75.0","1.0","0.0","46.7"
"","low","28.4","118.0","0.9","2.0","26.0","0.0","0.1","18.4"
"Devaughn Vele","DENhigh","WR149","0.0","0.0","0.0","11.8","139.1","0.9","0.0","30.9"
"","high","0.0","0.0","0.0","13.6","155.2","1.0","0.0","40.1"
"","low","0.0","0.0","0.0","10.0","123.0","0.8","0.1","31.8"
"Ameer Abdullah","LVhigh","RB94","26.8","102.5","0.2","10.7","78.4","0.1","0.0","30.8"
"","high","47.0","223.0","0.6","17.0","125.0","0.4","0.0","36.5"
"","low","9.4","38.0","0.0","3.7","26.3","0.0","0.1","19.4"
"Devin Culp","TBhigh","TE65","0.0","0.0","0.0","12.0","124.0","1.0","0.0","30.4"
"","high","0.0","0.0","0.0","13.0","135.0","1.0","0.0","44.5"
"","low","0.0","0.0","0.0","11.0","113.0","1.0","0.0","22.0"
"Tanner McLachlan","CINhigh","TE66","0.0","0.0","0.0","12.0","122.5","1.0","0.0","30.3"
"","high","0.0","0.0","0.0","12.0","123.0","1.0","0.0","42.3"
"","low","0.0","0.0","0.0","12.0","122.0","1.0","0.0","23.0"
"Foster Moreau","NOhigh","TE67","0.0","0.0","0.0","11.6","128.6","1.0","0.0","30.2"
"","high","0.0","0.0","0.0","15.9","182.1","1.3","0.0","40.2"
"","low","0.0","0.0","0.0","8.5","96.2","0.6","0.1","22.6"
"Tahj Washington","MIAhigh","WR150","0.0","0.0","0.0","11.0","131.0","1.0","0.0","30.1"
"","high","0.0","0.0","0.0","11.0","131.0","1.0","0.0","41.1"
"","low","0.0","0.0","0.0","11.0","131.0","1.0","0.0","41.1"
"Will Mallory","INDhigh","TE68","0.0","0.0","0.0","12.1","126.9","0.9","0.0","30.1"
"","high","0.0","0.0","0.0","14.7","147.9","1.0","0.0","40.9"
"","low","0.0","0.0","0.0","10.0","116.0","0.7","0.1","22.1"
"Nick Westbrook-Ikhine","TENhigh","WR151","0.0","1.3","0.0","10.6","143.3","0.8","0.0","29.9"
"","high","0.0","4.0","0.0","13.0","180.0","1.0","0.0","48.0"
"","low","0.0","0.0","0.0","8.3","101.9","0.7","0.1","24.6"
"Pharaoh Brown","SEAhigh","TE69","0.0","0.0","0.0","11.5","126.4","0.9","0.0","29.5"
"","high","0.0","0.0","0.0","15.8","159.3","1.0","0.0","33.5"
"","low","0.0","0.0","0.0","7.0","73.0","0.6","0.1","23.5"
"Tejhaun Palmer","ARIhigh","WR152","0.0","0.0","0.0","11.0","122.0","1.0","0.0","29.2"
"","high","0.0","0.0","0.0","11.0","122.0","1.0","0.0","40.2"
"","low","0.0","0.0","0.0","11.0","122.0","1.0","0.0","40.2"
"Marcus Rosemy-Jacksaint","PHIhigh","WR153","0.0","6.0","0.0","10.0","126.0","1.0","0.0","29.2"
"","high","0.0","6.0","0.0","10.0","126.0","1.0","0.0","39.2"
"","low","0.0","6.0","0.0","10.0","126.0","1.0","0.0","39.2"
"Rasheen Ali","BALhigh","RB95","26.4","149.1","1.2","3.9","31.0","0.1","0.0","29.1"
"","high","36.0","196.0","2.0","6.0","44.0","0.2","0.0","39.9"
"","low","16.7","70.2","0.5","2.0","23.0","0.0","0.1","17.3"
"Brandon Johnson","PIThigh","WR154","0.0","7.0","0.0","10.0","124.0","1.0","0.0","29.1"
"","high","0.0","7.0","0.0","10.0","124.0","1.0","0.0","39.1"
"","low","0.0","7.0","0.0","10.0","124.0","1.0","0.0","39.1"
"Ian Thomas","CARhigh","TE70","0.0","0.0","0.0","12.7","129.5","0.6","0.0","29.0"
"","high","0.0","0.0","0.0","21.0","208.0","1.0","0.0","33.3"
"","low","0.0","0.0","0.0","6.0","66.0","0.0","0.1","24.2"
"Jordan Whittington","LARhigh","WR155","0.0","0.0","0.0","10.8","129.6","0.9","0.0","29.0"
"","high","0.0","0.0","0.0","11.0","131.2","1.0","0.0","40.6"
"","low","0.0","0.0","0.0","10.7","128.0","0.8","0.1","28.5"
"Nikko Remigio","KChigh","WR156","0.0","0.0","0.0","10.0","130.0","1.0","0.0","29.0"
"","high","0.0","0.0","0.0","10.0","130.0","1.0","0.0","39.0"
"","low","0.0","0.0","0.0","10.0","130.0","1.0","0.0","39.0"
"AJ Barner","SEAhigh","TE71","0.0","0.0","0.0","11.6","118.3","0.9","0.0","28.7"
"","high","0.0","0.0","0.0","14.0","150.0","1.0","0.0","46.6"
"","low","0.0","0.0","0.0","9.7","96.8","0.7","0.1","21.6"
"Isaiah McKenzie","NYGhigh","WR157","0.0","10.0","0.0","11.0","107.0","1.0","0.0","28.7"
"","high","0.0","10.0","0.0","11.0","107.0","1.0","0.0","39.7"
"","low","0.0","10.0","0.0","11.0","107.0","1.0","0.0","39.7"
"Allen Robinson II","DEThigh","WR158","0.0","4.0","0.0","11.0","113.0","1.0","0.0","28.7"
"","high","0.0","4.0","0.0","11.0","113.0","1.0","0.0","39.7"
"","low","0.0","4.0","0.0","11.0","113.0","1.0","0.0","39.7"
"Kevin Harris","NEhigh","RB96","4.5","134.1","1.1","5.0","36.6","0.0","0.0","28.3"
"","high","4.5","250.0","2.0","8.0","58.0","0.0","0.0","55.8"
"","low","4.5","18.1","0.1","1.9","15.1","0.0","0.0","9.2"
"Jamison Crowder","WAShigh","WR159","0.0","0.0","0.0","12.0","118.3","0.7","0.0","28.1"
"","high","0.0","0.0","0.0","16.6","166.5","1.0","0.0","42.2"
"","low","0.0","0.0","0.0","7.2","66.5","0.2","0.1","20.6"
"KJ Hamler","BUFhigh","WR160","0.0","5.0","0.0","9.0","125.0","1.0","0.0","28.0"
"","high","0.0","5.0","0.0","9.0","125.0","1.0","0.0","37.0"
"","low","0.0","5.0","0.0","9.0","125.0","1.0","0.0","37.0"
"Quez Watkins","PIThigh","WR161","0.0","3.0","0.0","9.0","127.0","1.0","0.0","28.0"
"","high","0.0","3.0","0.0","9.0","127.0","1.0","0.0","37.0"
"","low","0.0","3.0","0.0","9.0","127.0","1.0","0.0","37.0"
"Jared Wiley","KChigh","TE72","0.0","0.0","0.0","11.0","112.6","0.9","0.0","27.8"
"","high","0.0","0.0","0.0","13.0","128.0","1.0","0.0","41.8"
"","low","0.0","0.0","0.0","8.1","81.7","0.8","0.1","22.0"
"Cameron Latu","CLEhigh","TE73","0.0","0.0","0.0","13.0","88.0","1.0","0.0","27.8"
"","high","0.0","0.0","0.0","13.0","88.0","1.0","0.0","40.8"
"","low","0.0","0.0","0.0","13.0","88.0","1.0","0.0","40.8"
"Stone Smartt","LAChigh","TE74","0.0","0.0","0.0","10.6","117.8","0.9","0.0","27.8"
"","high","0.0","0.0","0.0","14.4","157.0","1.1","0.0","33.3"
"","low","0.0","0.0","0.0","8.0","77.7","0.5","0.1","21.3"
"Michael Woods II","CLEhigh","WR162","0.0","4.0","0.0","9.0","119.0","1.0","0.0","27.3"
"","high","0.0","4.0","0.0","9.0","119.0","1.0","0.0","36.3"
"","low","0.0","4.0","0.0","9.0","119.0","1.0","0.0","36.3"
"Travis Vokolek","ARIhigh","TE75","0.0","0.0","0.0","11.0","102.0","1.0","0.0","27.2"
"","high","0.0","0.0","0.0","11.0","102.0","1.0","0.0","21.0"
"","low","0.0","0.0","0.0","11.0","102.0","1.0","0.0","21.0"
"Jalen Brooks","DALhigh","WR163","0.0","0.0","0.0","11.5","106.9","0.8","0.0","26.9"
"","high","0.0","0.0","0.0","20.0","147.0","1.0","0.0","52.2"
"","low","0.0","0.0","0.0","5.6","64.5","0.5","0.1","20.8"
"Ben Skowronek","PIThigh","WR164","0.0","4.0","0.0","9.0","111.0","1.0","0.0","26.5"
"","high","0.0","4.0","0.0","9.0","111.0","1.0","0.0","35.5"
"","low","0.0","4.0","0.0","9.0","111.0","1.0","0.0","35.5"
"Jeremy McNichols","WAShigh","RB97","18.4","72.5","0.2","9.2","69.5","0.4","0.0","26.4"
"","high","27.2","115.4","0.6","14.0","115.0","1.0","0.0","34.8"
"","low","2.1","8.5","0.0","2.1","14.6","0.0","0.1","12.3"
"Tyler Scott","CHIhigh","WR165","2.1","18.2","0.1","8.9","101.7","0.8","0.0","26.1"
"","high","4.2","29.0","0.2","22.0","249.0","2.0","0.0","70.7"
"","low","0.0","0.0","0.0","1.7","19.6","0.2","0.1","11.7"
"Trayveon Williams","CINhigh","RB98","41.6","111.4","0.7","6.1","39.8","0.1","0.1","25.9"
"","high","41.6","181.8","1.4","9.2","59.6","0.3","0.0","41.3"
"","low","41.6","41.0","0.0","3.0","20.0","0.0","0.2","15.2"
"Drew Ogletree","INDhigh","TE76","0.0","0.0","0.0","9.5","114.3","0.8","0.0","25.9"
"","high","0.0","0.0","0.0","13.5","160.0","1.1","0.0","38.2"
"","low","0.0","0.0","0.0","3.6","36.1","0.3","0.1","14.7"
"Erick All Jr.","CINhigh","TE77","0.0","0.0","0.0","10.3","103.0","0.8","0.0","25.3"
"","high","0.0","0.0","0.0","12.0","122.0","1.0","0.0","22.2"
"","low","0.0","0.0","0.0","8.6","84.0","0.6","0.1","21.3"
"Cade Stover","HOUhigh","TE78","0.0","0.0","0.0","10.0","105.8","0.8","0.0","25.1"
"","high","0.0","0.0","0.0","15.0","159.0","1.0","0.0","46.9"
"","low","0.0","0.0","0.0","3.9","38.5","0.3","0.0","15.7"
"Brenton Strange","JAChigh","TE79","0.0","0.0","0.0","9.7","92.1","1.0","0.0","24.9"
"","high","0.0","0.0","0.0","13.0","131.0","2.0","0.0","41.8"
"","low","0.0","0.0","0.0","2.0","18.1","0.2","0.1","12.3"
"Tip Reiman","ARIhigh","TE80","0.0","0.0","0.0","10.2","99.1","0.8","0.0","24.9"
"","high","0.0","0.0","0.0","12.0","121.0","1.0","0.0","40.3"
"","low","0.0","0.0","0.0","7.6","74.2","0.4","0.1","20.0"
"Jawhar Jordan","HOUhigh","RB99","0.0","121.0","1.0","4.0","27.0","0.0","0.0","24.8"
"","high","0.0","121.0","1.0","4.0","27.0","0.0","0.0","28.8"
"","low","0.0","121.0","1.0","4.0","27.0","0.0","0.0","28.8"
"Ronnie Rivers","LARhigh","RB100","29.7","116.7","0.8","4.6","33.3","0.1","0.0","24.7"
"","high","52.0","208.0","1.0","8.0","62.0","0.2","0.0","27.7"
"","low","9.2","37.0","0.3","2.0","15.0","0.0","0.1","11.9"
"Carson Steele","KChigh","RB101","16.5","106.8","0.9","4.6","35.2","0.1","0.0","24.6"
"","high","29.0","213.0","2.0","11.0","83.0","0.2","0.0","57.2"
"","low","9.7","40.9","0.3","2.2","14.6","0.0","0.1","12.0"
"Jack Stoll","PHIhigh","TE81","0.0","0.0","0.0","9.0","95.0","1.0","0.0","24.5"
"","high","0.0","0.0","0.0","9.0","95.0","1.0","0.0","33.5"
"","low","0.0","0.0","0.0","9.0","95.0","1.0","0.0","33.5"
"Drew Sample","CINhigh","TE82","0.0","0.0","0.0","10.5","94.3","0.8","0.0","24.5"
"","high","0.0","0.0","0.0","13.7","126.0","1.0","0.0","41.1"
"","low","0.0","0.0","0.0","4.3","34.8","0.3","0.1","15.9"
"D'Ernest Johnson","JAChigh","RB102","31.8","114.0","0.5","5.5","39.2","0.1","0.1","24.4"
"","high","54.5","241.4","1.3","8.9","62.5","0.2","0.0","44.7"
"","low","9.1","37.5","0.0","3.0","23.0","0.0","0.2","14.8"
"Lucas Krull","DENhigh","TE83","0.0","0.0","0.0","9.6","103.5","0.7","0.0","24.3"
"","high","0.0","0.0","0.0","15.0","160.0","1.0","0.0","46.6"
"","low","0.0","0.0","0.0","3.5","33.2","0.2","0.1","14.2"
"Justyn Ross","KChigh","WR166","0.0","0.0","0.0","8.0","103.0","1.0","0.0","24.3"
"","high","0.0","0.0","0.0","8.0","103.0","1.0","0.0","32.3"
"","low","0.0","0.0","0.0","8.0","103.0","1.0","0.0","32.3"
"Deneric Prince","MIAhigh","RB103","0.0","113.0","1.0","4.0","29.0","0.0","0.0","24.2"
"","high","0.0","113.0","1.0","4.0","29.0","0.0","0.0","28.2"
"","low","0.0","113.0","1.0","4.0","29.0","0.0","0.0","28.2"
"Casey Washington","ATLhigh","WR167","0.0","0.0","0.0","8.7","105.8","0.8","0.0","24.2"
"","high","0.0","0.0","0.0","10.0","127.0","1.0","0.0","37.4"
"","low","0.0","0.0","0.0","7.4","84.5","0.7","0.0","21.0"
"Dallin Holker","NOhigh","TE84","0.0","0.0","0.0","9.3","95.4","0.8","0.0","23.4"
"","high","0.0","0.0","0.0","13.0","135.0","1.0","0.0","41.8"
"","low","0.0","0.0","0.0","3.8","39.2","0.3","0.0","14.9"
"Skyy Moore","KChigh","WR168","0.0","3.0","0.0","8.5","99.5","0.8","0.1","23.3"
"","high","0.0","9.0","0.0","12.0","129.0","1.0","0.0","40.3"
"","low","0.0","0.0","0.0","3.9","46.5","0.3","0.1","14.9"
"Payne Durham","TBhigh","TE85","0.0","0.0","0.0","9.2","96.8","0.7","0.0","23.2"
"","high","0.0","0.0","0.0","13.0","136.0","1.0","0.0","41.3"
"","low","0.0","0.0","0.0","2.0","19.0","0.2","0.1","12.0"
"David Moore","CARhigh","WR169","0.0","1.7","0.0","8.1","108.0","0.7","0.1","22.8"
"","high","0.0","5.0","0.0","10.5","135.0","1.0","0.0","37.1"
"","low","0.0","0.0","0.0","4.7","66.7","0.3","0.1","16.4"
"Derius Davis","LAChigh","WR170","6.7","38.6","0.1","7.0","81.2","0.6","0.1","22.8"
"","high","13.3","85.7","0.3","12.0","151.0","1.0","0.0","49.1"
"","low","0.0","0.0","0.0","1.8","19.1","0.2","0.2","9.6"
"Craig Reynolds","DEThigh","RB104","21.6","102.6","0.8","4.1","33.3","0.1","0.1","22.7"
"","high","33.0","138.0","1.1","6.1","47.2","0.2","0.0","34.4"
"","low","2.3","9.5","0.0","2.0","17.1","0.0","0.2","7.7"
"Equanimeous St. Brown","NOhigh","WR171","0.0","4.0","0.0","7.0","91.0","1.0","0.0","22.5"
"","high","0.0","4.0","0.0","7.0","91.0","1.0","0.0","29.5"
"","low","0.0","4.0","0.0","7.0","91.0","1.0","0.0","29.5"
"Devin Duvernay","JAChigh","WR172","3.3","16.9","0.1","8.8","88.5","0.4","0.1","22.2"
"","high","4.5","25.7","0.2","11.6","111.2","0.7","0.0","29.3"
"","low","2.0","12.0","0.0","5.0","64.0","0.0","0.1","21.4"
"Albert Okwuegbunam Jr.","PHIhigh","TE86","0.0","0.0","0.0","8.0","82.0","1.0","0.0","22.2"
"","high","0.0","0.0","0.0","8.0","82.0","1.0","0.0","15.0"
"","low","0.0","0.0","0.0","8.0","82.0","1.0","0.0","15.0"
"Luke Farrell","JAChigh","TE87","0.0","0.0","0.0","8.7","87.9","0.7","0.0","21.3"
"","high","0.0","0.0","0.0","12.1","130.0","1.0","0.0","24.8"
"","low","0.0","0.0","0.0","2.1","18.7","0.2","0.1","11.3"
"Dare Ogunbowale","HOUhigh","RB105","16.7","56.9","0.4","7.3","54.7","0.1","0.0","21.3"
"","high","28.0","92.0","1.0","12.0","88.0","0.3","0.0","32.7"
"","low","2.2","8.6","0.0","2.1","16.3","0.0","0.1","10.8"
"Robert Woods","HOUhigh","WR173","0.0","1.3","0.0","8.3","89.4","0.6","0.0","21.1"
"","high","0.0","4.0","0.0","13.0","133.0","1.0","0.0","41.0"
"","low","0.0","0.0","0.0","4.8","53.9","0.4","0.0","16.1"
"Grant Calcaterra","PHIhigh","TE88","0.0","0.0","0.0","8.5","85.8","0.7","0.0","21.1"
"","high","0.0","0.0","0.0","11.0","117.0","1.0","0.0","23.7"
"","low","0.0","0.0","0.0","3.7","36.2","0.3","0.1","13.6"
"Kenny McIntosh","SEAhigh","RB106","26.9","89.4","0.6","4.1","32.2","0.1","0.1","20.4"
"","high","27.8","116.1","1.0","8.2","57.5","0.3","0.0","28.3"
"","low","26.0","50.0","0.0","2.0","15.0","0.0","0.2","12.6"
"Chris Moore","ARIhigh","WR174","0.0","3.3","0.0","7.7","92.6","0.5","0.0","20.4"
"","high","0.0","10.0","0.0","11.0","138.0","1.0","0.0","39.5"
"","low","0.0","0.0","0.0","5.7","64.3","0.2","0.1","15.4"
"Jalen Reagor","NEhigh","WR175","0.0","2.0","0.0","7.0","90.3","0.7","0.0","20.2"
"","high","0.0","4.0","0.0","8.0","106.0","1.0","0.0","32.0"
"","low","0.0","0.0","0.0","6.0","74.5","0.3","0.0","16.0"
"Mason Tipton","NOhigh","WR176","0.0","0.0","0.0","7.7","86.1","0.6","0.0","20.1"
"","high","0.0","0.0","0.0","12.0","131.0","1.0","0.0","38.8"
"","low","0.0","0.0","0.0","3.5","41.1","0.3","0.0","13.7"
"Brenden Rice","LAChigh","WR177","0.0","2.0","0.0","7.2","87.9","0.6","0.0","19.9"
"","high","0.0","4.0","0.0","11.0","138.0","1.0","0.0","38.4"
"","low","0.0","0.0","0.0","3.4","37.8","0.3","0.0","13.0"
"Blake Watson","DENhigh","RB107","14.6","84.1","0.7","4.0","28.6","0.1","0.0","19.9"
"","high","14.6","108.0","1.0","4.0","29.0","0.1","0.0","27.7"
"","low","14.6","60.3","0.4","4.0","28.3","0.0","0.1","16.1"
"Harrison Bryant","LVhigh","TE89","0.0","0.0","0.0","7.8","73.9","0.7","0.0","19.4"
"","high","0.0","0.0","0.0","12.0","122.0","1.0","0.0","38.0"
"","low","0.0","0.0","0.0","3.5","31.1","0.3","0.1","12.3"
"Peyton Hendershot","KChigh","TE90","0.0","0.0","0.0","7.7","77.3","0.6","0.0","19.3"
"","high","0.0","0.0","0.0","13.0","131.0","1.0","0.0","39.8"
"","low","0.0","0.0","0.0","2.2","21.6","0.2","0.0","11.0"
"Zach Pascal","ARIhigh","WR178","0.0","2.0","0.0","6.8","83.5","0.7","0.0","19.3"
"","high","0.0","4.0","0.0","9.0","119.0","1.0","0.0","34.1"
"","low","0.0","0.0","0.0","4.5","48.0","0.3","0.0","13.3"
"MyCole Pruitt","PIThigh","TE91","0.0","0.0","0.0","6.5","67.1","1.0","0.0","19.2"
"","high","0.0","0.0","0.0","9.0","101.0","2.0","0.0","22.5"
"","low","0.0","0.0","0.0","3.4","33.5","0.3","0.1","11.5"
"Kayshon Boutte","NEhigh","WR179","0.0","2.5","0.0","6.9","86.2","0.6","0.0","19.1"
"","high","0.0","5.0","0.0","11.0","138.0","1.0","0.0","38.2"
"","low","0.0","0.0","0.0","2.7","34.3","0.1","0.0","11.1"
"Hunter Luepke","DALhigh","RB108","7.4","26.2","1.4","4.0","27.1","0.2","0.0","18.9"
"","high","11.0","33.0","4.0","4.7","33.3","0.3","0.0","30.0"
"","low","4.2","18.0","0.1","3.0","17.0","0.0","0.0","11.1"
"River Cracraft","MIAhigh","WR180","0.0","0.0","0.0","9.3","78.9","0.3","0.0","18.8"
"","high","0.0","0.0","0.0","10.0","96.8","0.5","0.0","25.4"
"","low","0.0","0.0","0.0","8.5","61.0","0.0","0.0","22.0"
"Anthony Gould","INDhigh","WR181","0.0","0.0","0.0","6.8","80.8","0.6","0.0","18.7"
"","high","0.0","0.0","0.0","9.0","109.0","1.0","0.0","32.7"
"","low","0.0","0.0","0.0","4.7","52.5","0.3","0.0","16.2"
"Robbie Chosen","MIAhigh","WR182","0.0","2.0","0.0","6.6","79.0","0.6","0.0","18.6"
"","high","0.0","4.0","0.0","9.0","111.0","1.0","0.0","33.1"
"","low","0.0","0.0","0.0","4.3","47.0","0.3","0.0","13.2"
"Charlie Jones","CINhigh","WR183","0.0","1.7","0.0","6.8","83.2","0.5","0.0","18.4"
"","high","0.0","5.0","0.0","13.0","167.0","1.0","0.0","43.0"
"","low","0.0","0.0","0.0","3.6","41.2","0.3","0.0","12.8"
"Brenden Bates","NYJhigh","TE92","0.0","0.0","0.0","7.4","71.0","0.7","0.0","18.4"
"","high","0.0","0.0","0.0","11.0","104.0","1.0","0.0","17.4"
"","low","0.0","0.0","0.0","3.8","38.0","0.3","0.0","13.1"
"Tre'Quan Smith","DEThigh","WR184","0.0","0.0","0.0","11.0","74.0","0.0","0.0","18.4"
"","high","0.0","0.0","0.0","11.0","74.0","0.0","0.0","29.4"
"","low","0.0","0.0","0.0","11.0","74.0","0.0","0.0","29.4"
"Ross Dwelley","ATLhigh","TE93","0.0","0.0","0.0","6.0","83.6","0.7","0.0","18.3"
"","high","0.0","0.0","0.0","8.0","127.0","1.0","0.0","17.0"
"","low","0.0","0.0","0.0","4.0","40.3","0.3","0.0","12.0"
"Xavier Hutchinson","HOUhigh","WR185","0.0","7.0","0.0","6.4","76.6","0.6","0.0","18.2"
"","high","0.0","14.0","0.0","11.0","131.0","1.0","0.0","37.9"
"","low","0.0","0.0","0.0","1.7","22.1","0.2","0.0","9.4"
"Deonte Harty","BALhigh","WR186","0.0","5.0","0.0","6.3","77.2","0.6","0.0","18.1"
"","high","0.0","15.0","0.0","8.0","99.3","1.0","0.0","31.3"
"","low","0.0","0.0","0.0","3.2","37.4","0.2","0.0","13.2"
"Ashton Dulin","INDhigh","WR187","0.0","2.0","0.0","6.5","75.1","0.7","0.0","18.1"
"","high","0.0","4.0","0.0","9.0","102.0","1.0","0.0","32.1"
"","low","0.0","0.0","0.0","4.0","48.3","0.3","0.0","13.1"
"John Bates","WAShigh","TE94","0.0","0.0","0.0","8.1","76.0","0.4","0.0","18.1"
"","high","0.0","0.0","0.0","16.0","144.0","1.0","0.0","20.1"
"","low","0.0","0.0","0.0","4.0","37.9","0.0","0.1","13.2"
"Ronnie Bell","SFhigh","WR188","0.0","2.0","0.0","6.5","78.0","0.6","0.0","18.1"
"","high","0.0","4.0","0.0","11.0","134.0","1.0","0.0","37.3"
"","low","0.0","0.0","0.0","1.9","22.1","0.2","0.0","9.8"
"Quintin Morris","BUFhigh","TE95","0.0","0.0","0.0","6.2","65.5","0.9","0.0","18.0"
"","high","0.0","0.0","0.0","11.0","124.0","2.0","0.0","28.2"
"","low","0.0","0.0","0.0","2.1","21.5","0.2","0.0","9.4"
"Jeff Wilson Jr.","MIAhigh","RB109","15.0","80.2","0.6","3.2","23.6","0.1","0.0","17.9"
"","high","29.0","144.0","1.0","4.0","29.3","0.2","0.0","26.7"
"","low","4.4","19.0","0.2","2.1","15.2","0.0","0.1","8.0"
"Jason Brownlee","NYJhigh","WR189","0.0","1.5","0.0","6.3","78.6","0.6","0.0","17.9"
"","high","0.0","3.0","0.0","11.0","138.0","1.0","0.0","37.4"
"","low","0.0","0.0","0.0","1.7","19.3","0.2","0.0","9.1"
"Julius Chestnut","TENhigh","RB110","20.7","74.0","0.5","3.9","31.4","0.1","0.1","17.7"
"","high","30.9","130.0","1.0","8.7","60.9","0.3","0.0","30.1"
"","low","2.3","9.1","0.0","1.9","14.5","0.0","0.2","7.1"
"Jalen Guyton","LVhigh","WR190","0.0","2.0","0.0","6.0","79.9","0.6","0.0","17.7"
"","high","0.0","4.0","0.0","9.0","119.0","1.0","0.0","33.3"
"","low","0.0","0.0","0.0","2.9","40.9","0.2","0.0","11.3"
"Sean Tucker","TBhigh","RB111","25.5","80.6","0.6","2.8","21.4","0.1","0.1","17.0"
"","high","37.0","157.9","1.1","4.2","29.5","0.2","0.0","29.0"
"","low","11.4","33.0","0.0","1.0","10.0","0.0","0.2","9.9"
"Mecole Hardman Jr.","KChigh","WR191","2.1","15.4","0.1","5.1","64.5","0.6","0.0","16.9"
"","high","4.1","26.3","0.3","8.0","108.0","1.0","0.0","31.9"
"","low","0.0","0.0","0.0","3.2","37.3","0.3","0.1","12.0"
"Marcedes Lewis","CHIhigh","TE96","0.0","0.0","0.0","6.9","59.2","0.7","0.0","16.8"
"","high","0.0","0.0","0.0","10.0","84.0","1.0","0.0","15.9"
"","low","0.0","0.0","0.0","3.7","34.3","0.3","0.0","12.3"
"Hunter Long","LARhigh","TE97","0.0","0.0","0.0","6.3","64.7","0.7","0.0","16.7"
"","high","0.0","0.0","0.0","9.0","91.0","1.0","0.0","16.3"
"","low","0.0","0.0","0.0","3.7","38.4","0.3","0.0","12.0"
"Bryce Ford-Wheaton","NYGhigh","WR192","0.0","0.0","0.0","7.1","74.8","0.4","0.0","16.6"
"","high","0.0","0.0","0.0","7.1","74.8","0.4","0.0","16.7"
"","low","0.0","0.0","0.0","7.1","74.8","0.4","0.0","16.7"
"Bo Melton","GBhigh","WR193","1.0","6.3","0.0","5.9","68.6","0.5","0.1","16.2"
"","high","2.1","12.7","0.1","9.9","115.1","0.8","0.1","23.7"
"","low","0.0","0.0","0.0","1.8","22.1","0.2","0.1","9.0"
"Laviska Shenault Jr.","SEAhigh","WR194","5.3","36.6","0.1","5.2","54.9","0.2","0.1","16.2"
"","high","8.5","52.0","0.3","7.7","76.7","0.4","0.0","23.3"
"","low","2.2","12.3","0.0","1.9","19.1","0.0","0.1","9.7"
"Jordan Mims","NOhigh","RB112","14.6","60.8","0.6","3.5","25.3","0.1","0.0","16.1"
"","high","32.0","117.0","1.0","6.0","43.8","0.3","0.0","22.0"
"","low","2.4","9.6","0.0","2.1","14.3","0.0","0.1","6.8"
"Chris Conley","SFhigh","WR195","0.0","2.0","0.0","5.4","67.2","0.6","0.0","16.0"
"","high","0.0","4.0","0.0","9.0","111.0","1.0","0.0","31.9"
"","low","0.0","0.0","0.0","1.9","23.3","0.2","0.0","8.8"
"Carlos Washington Jr.","ATLhigh","RB113","0.0","37.0","1.0","4.0","22.0","0.0","0.0","15.9"
"","high","0.0","37.0","1.0","4.0","22.0","0.0","0.0","19.9"
"","low","0.0","37.0","1.0","4.0","22.0","0.0","0.0","19.9"
"Ben Sims","GBhigh","TE98","0.0","0.0","0.0","5.6","49.5","0.8","0.0","15.5"
"","high","0.0","0.0","0.0","11.0","93.0","2.0","0.0","21.6"
"","low","0.0","0.0","0.0","2.0","20.1","0.2","0.0","8.5"
"Alec Ingold","MIAhigh","RB114","1.1","4.4","0.0","7.6","55.5","0.3","0.1","15.4"
"","high","2.2","8.8","0.0","13.0","95.1","0.5","0.1","19.8"
"","low","0.0","0.0","0.0","2.2","15.9","0.2","0.1","11.0"
"Julian Hill","MIAhigh","TE99","0.0","0.0","0.0","6.8","63.9","0.6","1.0","14.8"
"","high","0.0","0.0","0.0","11.0","104.0","1.0","1.0","14.8"
"","low","0.0","0.0","0.0","2.5","23.9","0.2","1.0","10.2"
"Charlie Kolar","BALhigh","TE100","0.0","0.0","0.0","5.8","63.5","0.4","0.0","14.7"
"","high","0.0","0.0","0.0","9.0","103.0","1.0","0.0","15.9"
"","low","0.0","0.0","0.0","3.5","36.5","0.0","0.0","11.0"
"Charlie Woerner","ATLhigh","TE101","0.0","0.0","0.0","7.3","58.3","0.3","0.0","14.6"
"","high","0.0","0.0","0.0","12.0","78.0","0.7","0.0","26.1"
"","low","0.0","0.0","0.0","4.2","41.2","0.0","0.1","8.3"
"Tim Jones","JAChigh","WR196","0.0","2.0","0.0","4.9","56.9","0.6","0.0","14.3"
"","high","0.0","4.0","0.0","8.0","95.0","1.0","0.0","28.8"
"","low","0.0","0.0","0.0","1.8","18.9","0.2","0.0","7.6"
"Eric Saubert","SFhigh","TE102","0.0","0.0","0.0","6.9","57.2","0.3","0.0","14.3"
"","high","0.0","0.0","0.0","7.0","67.4","0.6","0.0","18.6"
"","low","0.0","0.0","0.0","6.7","47.0","0.0","0.0","17.1"
"Scotty Miller","PIThigh","WR197","0.0","1.3","0.0","5.6","69.6","0.3","0.0","14.2"
"","high","0.0","4.0","0.0","6.1","75.5","0.5","0.0","17.4"
"","low","0.0","0.0","0.0","5.0","64.0","0.0","0.1","15.0"
"Cody Schrader","LARhigh","RB115","31.0","77.0","0.5","2.0","14.0","0.0","0.0","14.1"
"","high","31.0","131.0","1.0","3.0","26.0","0.0","0.0","14.0"
"","low","31.0","23.0","0.0","1.0","2.0","0.0","0.0","5.5"
"Malik Heath","GBhigh","WR198","0.0","1.0","0.0","4.9","56.7","0.5","0.0","13.7"
"","high","0.0","3.0","0.0","9.0","108.0","1.0","0.0","31.0"
"","low","0.0","0.0","0.0","2.3","26.2","0.2","0.0","8.5"
"Nate Adkins","DENhigh","TE103","0.0","0.0","0.0","5.4","47.6","0.6","0.0","13.6"
"","high","0.0","0.0","0.0","9.0","79.0","1.0","0.0","14.4"
"","low","0.0","0.0","0.0","1.7","16.3","0.2","0.0","7.6"
"Brady Russell","SEAhigh","TE104","0.0","0.0","0.0","5.0","48.5","0.6","0.0","13.3"
"","high","0.0","0.0","0.0","8.0","78.0","1.0","0.0","14.0"
"","low","0.0","0.0","0.0","2.0","19.0","0.2","0.0","7.7"
"Dareke Young","SEAhigh","WR199","0.0","0.0","0.0","5.1","59.7","0.4","0.0","13.2"
"","high","0.0","0.0","0.0","5.1","59.7","0.4","0.0","13.3"
"","low","0.0","0.0","0.0","5.1","59.7","0.4","0.0","13.3"
"Ko Kieft","TBhigh","TE105","0.0","0.0","0.0","4.8","46.1","0.6","0.0","13.1"
"","high","0.0","0.0","0.0","7.5","75.9","1.0","0.0","16.0"
"","low","0.0","0.0","0.0","3.0","25.0","0.3","0.1","10.2"
"Raheem Blackshear","CARhigh","RB116","7.2","38.6","0.2","4.7","34.6","0.0","0.0","13.1"
"","high","12.1","55.0","0.5","9.0","68.0","0.1","0.0","26.0"
"","low","2.2","8.9","0.0","2.4","17.7","0.0","0.1","8.0"
"Boston Scott","PIThigh","RB117","2.6","54.8","0.5","2.4","17.5","0.1","0.0","13.1"
"","high","2.6","99.0","1.0","3.0","22.0","0.1","0.0","23.5"
"","low","2.6","10.5","0.0","1.8","13.1","0.0","0.0","5.7"
"Avery Williams","ATLhigh","RB118","7.6","35.0","0.4","3.9","23.1","0.1","0.0","13.0"
"","high","14.0","68.0","1.0","5.0","29.4","0.2","0.0","13.9"
"","low","4.1","17.7","0.2","2.2","14.8","0.0","0.0","8.6"
"Israel Abanikanda","NYJhigh","RB119","14.9","57.4","0.3","2.7","19.0","0.1","0.1","12.8"
"","high","25.0","107.2","0.8","4.1","29.1","0.2","0.0","22.2"
"","low","4.8","19.1","0.0","2.0","13.9","0.0","0.1","7.1"
"Britain Covey","PHIhigh","WR200","0.0","0.0","0.0","5.2","57.3","0.3","0.0","12.5"
"","high","0.0","0.0","0.0","6.5","73.6","0.5","0.0","15.2"
"","low","0.0","0.0","0.0","4.0","41.0","0.0","0.0","13.3"
"Sione Vaki","DEThigh","RB120","12.6","60.0","0.2","2.5","18.7","0.0","0.0","11.8"
"","high","12.6","67.0","0.4","3.0","23.0","0.1","0.0","14.5"
"","low","12.6","52.9","0.0","2.0","14.5","0.0","0.1","12.5"
"Terrace Marshall Jr.","SFhigh","WR201","0.0","4.0","0.0","5.0","64.0","0.0","0.0","11.8"
"","high","0.0","4.0","0.0","5.0","64.0","0.0","0.0","16.8"
"","low","0.0","4.0","0.0","5.0","64.0","0.0","0.0","16.8"
"Malik Davis","DALhigh","RB121","0.0","55.0","0.0","3.0","23.0","0.0","0.0","10.8"
"","high","0.0","55.0","0.0","3.0","23.0","0.0","0.0","13.8"
"","low","0.0","55.0","0.0","3.0","23.0","0.0","0.0","13.8"
"Chris Manhertz","NYGhigh","TE106","0.0","0.0","0.0","5.4","46.8","0.1","0.0","10.5"
"","high","0.0","0.0","0.0","9.0","77.0","0.1","0.0","8.4"
"","low","0.0","0.0","0.0","1.9","16.6","0.0","0.0","7.7"
"Anthony Firkser","NYJhigh","TE107","0.0","0.0","0.0","4.4","41.4","0.3","0.0","10.3"
"","high","0.0","0.0","0.0","4.4","41.4","0.3","0.0","10.2"
"","low","0.0","0.0","0.0","4.4","41.4","0.3","0.0","10.2"
"Dee Eskridge","MIAhigh","WR202","0.0","6.0","0.0","4.0","56.0","0.0","0.0","10.2"
"","high","0.0","6.0","0.0","4.0","56.0","0.0","0.0","14.2"
"","low","0.0","6.0","0.0","4.0","56.0","0.0","0.0","14.2"
"Josiah Deguara","JAChigh","TE108","0.0","0.0","0.0","5.0","51.0","0.0","0.0","10.1"
"","high","0.0","0.0","0.0","5.0","51.0","0.0","0.0","15.1"
"","low","0.0","0.0","0.0","5.0","51.0","0.0","0.0","15.1"
"Gunner Olszewski","NYGhigh","WR203","0.0","0.0","0.0","4.2","44.5","0.2","0.0","9.8"
"","high","0.0","0.0","0.0","5.0","52.9","0.3","0.0","10.7"
"","low","0.0","0.0","0.0","3.4","36.0","0.1","0.0","10.1"
"Hassan Haskins","LAChigh","RB122","9.5","42.1","0.1","2.7","17.4","0.1","0.0","9.8"
"","high","16.7","71.2","0.4","4.1","26.9","0.1","0.0","15.4"
"","low","2.3","9.3","0.0","2.0","11.0","0.0","0.1","5.9"
"Nyheim Hines","CLEhigh","RB123","1.3","17.1","0.0","4.5","32.3","0.0","0.0","9.6"
"","high","1.3","29.0","0.0","8.0","57.0","0.1","0.0","21.1"
"","low","1.3","5.2","0.0","1.1","7.7","0.0","0.0","6.3"
"Reggie Gilliam","BUFhigh","RB124","0.0","0.0","0.0","4.4","33.2","0.3","0.0","9.3"
"","high","0.0","0.0","0.0","4.4","33.2","0.3","0.0","9.3"
"","low","0.0","0.0","0.0","4.4","33.2","0.3","0.0","9.3"
"Travis Homer","CHIhigh","RB125","2.3","32.3","0.0","3.1","22.1","0.1","0.0","9.0"
"","high","2.3","55.0","0.0","4.0","28.0","0.2","0.0","15.4"
"","low","2.3","9.6","0.0","2.1","16.3","0.0","0.0","6.6"
"Parker Hesse","DEThigh","TE109","0.0","0.0","0.0","3.7","36.8","0.3","0.0","8.9"
"","high","0.0","0.0","0.0","3.7","36.8","0.3","0.0","8.9"
"","low","0.0","0.0","0.0","3.7","36.8","0.3","0.0","8.9"
"Nick Muse","MINhigh","TE110","0.0","0.0","0.0","3.7","35.8","0.3","0.0","8.8"
"","high","0.0","0.0","0.0","3.9","38.3","0.3","0.0","9.2"
"","low","0.0","0.0","0.0","3.6","33.2","0.2","0.0","8.4"
"DeeJay Dallas","ARIhigh","RB126","2.5","28.0","0.0","3.5","24.0","0.0","0.0","8.7"
"","high","2.5","46.0","0.0","5.0","36.0","0.0","0.0","16.7"
"","low","2.5","10.0","0.0","2.0","12.0","0.0","0.0","6.4"
"Emani Bailey","KChigh","RB127","0.0","47.0","0.0","2.0","18.0","0.0","0.0","8.5"
"","high","0.0","47.0","0.0","2.0","18.0","0.0","0.0","10.5"
"","low","0.0","47.0","0.0","2.0","18.0","0.0","0.0","10.5"
"Patrick Ricard","BALhigh","RB128","2.7","10.9","0.0","3.7","26.2","0.2","0.0","8.5"
"","high","2.7","10.9","0.0","3.7","26.2","0.2","0.0","9.0"
"","low","2.7","10.9","0.0","3.7","26.2","0.2","0.0","9.0"
"Michael Burton","DENhigh","RB129","2.4","9.4","0.0","3.7","24.5","0.2","0.0","8.2"
"","high","2.4","9.4","0.0","3.7","24.5","0.2","0.0","8.4"
"","low","2.4","9.4","0.0","3.7","24.5","0.2","0.0","8.4"
"DJ Turner","LVhigh","WR204","0.0","0.0","0.0","3.3","37.4","0.2","0.1","8.2"
"","high","0.0","0.0","0.0","5.1","57.1","0.3","0.1","10.4"
"","low","0.0","0.0","0.0","1.5","17.6","0.2","0.1","5.7"
"Jha'Quan Jackson","TENhigh","WR205","0.0","0.0","0.0","4.0","41.0","0.0","0.0","8.1"
"","high","0.0","0.0","0.0","4.0","41.0","0.0","0.0","12.1"
"","low","0.0","0.0","0.0","4.0","41.0","0.0","0.0","12.1"
"Tylan Wallace","BALhigh","WR206","0.0","2.0","0.0","3.2","41.3","0.1","0.0","8.1"
"","high","0.0","4.0","0.0","5.0","64.0","0.2","0.0","15.0"
"","low","0.0","0.0","0.0","1.5","18.7","0.0","0.0","5.9"
"Adam Prentice","NOhigh","RB130","3.3","14.0","0.1","3.3","23.0","0.1","0.0","8.1"
"","high","4.2","18.4","0.1","4.5","31.9","0.2","0.0","9.8"
"","low","2.4","9.6","0.0","2.1","14.1","0.1","0.0","6.5"
"Patrick Taylor Jr.","SFhigh","RB131","7.9","28.0","0.2","1.9","13.5","0.1","0.0","7.5"
"","high","13.4","57.0","0.5","2.0","15.0","0.2","0.0","12.2"
"","low","2.5","10.0","0.0","1.8","12.7","0.0","0.1","5.3"
"Kenny Yeboah","NYJhigh","TE111","0.0","0.0","0.0","3.0","28.6","0.2","0.0","7.1"
"","high","0.0","0.0","0.0","3.0","28.6","0.2","0.0","7.0"
"","low","0.0","0.0","0.0","3.0","28.6","0.2","0.0","7.0"
"C.J. Ham","MINhigh","RB132","2.0","8.3","0.0","3.3","22.4","0.1","0.0","7.0"
"","high","2.2","8.6","0.1","4.5","29.4","0.1","0.0","8.0"
"","low","1.9","8.1","0.0","2.1","15.3","0.1","0.0","6.6"
"Irvin Charles","NYJhigh","WR207","0.0","0.0","0.0","2.6","29.7","0.2","0.0","6.9"
"","high","0.0","0.0","0.0","3.5","40.1","0.3","0.0","8.4"
"","low","0.0","0.0","0.0","1.7","19.3","0.2","0.0","5.2"
"Keilan Robinson","JAChigh","RB133","0.0","33.0","0.0","2.0","15.0","0.0","0.0","6.8"
"","high","0.0","33.0","0.0","2.0","15.0","0.0","0.0","14.8"
"","low","0.0","33.0","0.0","2.0","15.0","0.0","0.0","14.8"
"Velus Jones Jr.","CHIhigh","WR208","2.3","9.7","0.1","1.9","25.1","0.1","0.0","6.3"
"","high","2.3","13.4","0.1","2.0","30.0","0.2","0.0","7.5"
"","low","2.3","6.0","0.0","1.7","20.1","0.0","0.0","6.6"
"Mitchell Wilcox","NEhigh","TE112","0.0","0.0","0.0","3.4","24.4","0.0","0.0","6.1"
"","high","0.0","0.0","0.0","5.0","31.0","0.1","0.0","11.5"
"","low","0.0","0.0","0.0","1.9","17.8","0.0","0.0","5.7"
"Keaontay Ingram","KChigh","RB134","0.0","30.0","0.0","2.0","10.0","0.0","0.0","6.0"
"","high","0.0","30.0","0.0","2.0","10.0","0.0","0.0","8.0"
"","low","0.0","30.0","0.0","2.0","10.0","0.0","0.0","8.0"
"Tyler Johnson","LARhigh","WR209","0.0","0.0","0.0","2.1","25.1","0.2","0.0","5.9"
"","high","0.0","0.0","0.0","2.1","25.1","0.2","0.0","5.7"
"","low","0.0","0.0","0.0","2.1","25.1","0.2","0.0","5.7"
"Myles Gaskin","MINhigh","RB135","0.0","26.0","0.0","2.0","11.0","0.0","0.0","5.7"
"","high","0.0","26.0","0.0","2.0","11.0","0.0","0.0","7.7"
"","low","0.0","26.0","0.0","2.0","11.0","0.0","0.0","7.7"
"La'Mical Perine","GBhigh","RB136","0.0","25.0","0.0","2.0","11.0","0.0","0.0","5.6"
"","high","0.0","25.0","0.0","2.0","11.0","0.0","0.0","7.6"
"","low","0.0","25.0","0.0","2.0","11.0","0.0","0.0","7.6"
"Teagan Quitoriano","HOUhigh","TE113","0.0","0.0","0.0","2.0","22.3","0.2","0.0","5.3"
"","high","0.0","0.0","0.0","2.0","22.3","0.2","0.0","5.2"
"","low","0.0","0.0","0.0","2.0","22.3","0.2","0.0","5.2"
"Tommy Hudson","NOhigh","TE114","0.0","0.0","0.0","2.0","19.3","0.2","0.0","5.0"
"","high","0.0","0.0","0.0","2.0","19.3","0.2","0.0","4.7"
"","low","0.0","0.0","0.0","2.0","19.3","0.2","0.0","4.7"
"Stephen Carlson","CHIhigh","TE115","0.0","0.0","0.0","2.0","19.4","0.2","0.0","4.9"
"","high","0.0","0.0","0.0","2.0","19.4","0.2","0.0","4.8"
"","low","0.0","0.0","0.0","2.0","19.4","0.2","0.0","4.8"
"Montrell Washington","KChigh","WR210","0.0","0.0","0.0","1.7","21.0","0.2","0.0","4.9"
"","high","0.0","0.0","0.0","1.7","21.0","0.2","0.0","4.7"
"","low","0.0","0.0","0.0","1.7","21.0","0.2","0.0","4.7"
"Simi Fehoko","LAChigh","WR211","0.0","0.0","0.0","1.7","20.2","0.2","0.0","4.7"
"","high","0.0","0.0","0.0","1.7","20.2","0.2","0.0","4.4"
"","low","0.0","0.0","0.0","1.7","20.2","0.2","0.0","4.4"
"DeAndre Carter","CHIhigh","WR212","0.0","6.0","0.0","2.0","21.0","0.0","0.0","4.7"
"","high","0.0","6.0","0.0","2.0","21.0","0.0","0.0","6.7"
"","low","0.0","6.0","0.0","2.0","21.0","0.0","0.0","6.7"
"Cody White","SEAhigh","WR213","0.0","0.0","0.0","1.7","19.5","0.2","0.0","4.7"
"","high","0.0","0.0","0.0","1.7","19.5","0.2","0.0","4.4"
"","low","0.0","0.0","0.0","1.7","19.5","0.2","0.0","4.4"
"Jake Tonges","SFhigh","TE116","0.0","0.0","0.0","1.8","17.4","0.2","0.0","4.6"
"","high","0.0","0.0","0.0","1.8","17.4","0.2","0.0","4.6"
"","low","0.0","0.0","0.0","1.8","17.4","0.2","0.0","4.6"
"Trishton Jackson","MINhigh","WR214","0.0","0.0","0.0","1.7","18.8","0.2","0.0","4.6"
"","high","0.0","0.0","0.0","1.7","18.8","0.2","0.0","4.2"
"","low","0.0","0.0","0.0","1.7","18.8","0.2","0.0","4.2"
"Byron Pringle","WAShigh","WR215","0.0","1.0","0.0","1.9","18.9","0.1","0.0","4.4"
"","high","0.0","2.0","0.0","3.0","35.0","0.2","0.0","8.6"
"","low","0.0","0.0","0.0","0.9","2.7","0.0","0.0","3.0"
"Kristian Wilkerson","LVhigh","WR216","0.0","0.0","0.0","1.5","17.5","0.2","0.0","4.3"
"","high","0.0","0.0","0.0","1.5","17.5","0.2","0.0","4.0"
"","low","0.0","0.0","0.0","1.5","17.5","0.2","0.0","4.0"
"David Sills V","DENhigh","WR217","0.0","0.0","0.0","1.5","16.9","0.1","0.0","4.1"
"","high","0.0","0.0","0.0","1.5","16.9","0.1","0.0","3.8"
"","low","0.0","0.0","0.0","1.5","16.9","0.1","0.0","3.8"
"Tyrion Davis-Price","PHIhigh","RB137","0.0","17.0","0.0","1.0","3.0","0.0","0.0","3.0"
"","high","0.0","17.0","0.0","1.0","3.0","0.0","0.0","4.0"
"","low","0.0","17.0","0.0","1.0","3.0","0.0","0.0","4.0"
""
""