"Player","Team","REC","YDS","TDS","ATT","YDS","TDS","FL","FPTS"
" ","","",""
"CeeDee Lamb","DALhigh","116.1","1,488.8","9.7","9.8","68.4","0.8","1.1","332.6"
"","high","120.5","1,590.0","10.9","12.6","85.9","1.0","1.0","442.0"
"","low","112.0","1,406.5","8.6","4.6","26.2","0.2","1.2","319.9"
"Tyreek Hill","MIAhigh","110.0","1,544.5","9.9","5.2","30.5","0.1","1.0","325.7"
"","high","116.3","1,598.0","11.0","6.6","39.6","0.3","0.9","437.4"
"","low","105.8","1,435.9","7.7","4.0","24.0","0.0","1.0","303.1"
"Amon-Ra St. Brown","DEThigh","111.0","1,351.2","8.2","4.5","31.3","0.1","0.9","297.0"
"","high","115.3","1,459.2","10.0","6.0","43.0","0.3","0.8","394.1"
"","low","107.0","1,263.6","7.0","2.3","13.4","0.0","1.0","285.4"
"Ja'Marr Chase","CINhigh","106.5","1,357.3","8.9","3.0","12.6","0.1","0.7","295.9"
"","high","116.4","1,439.4","10.2","4.4","24.7","0.2","0.0","395.8"
"","low","98.0","1,297.0","8.0","0.0","0.0","0.0","1.0","281.5"
"Justin Jefferson","MINhigh","105.5","1,447.8","7.4","1.2","3.8","0.0","1.0","293.5"
"","high","116.5","1,525.0","9.6","3.0","12.0","0.1","0.9","394.4"
"","low","97.0","1,358.9","6.0","0.0","-3.0","0.0","1.0","281.7"
"Puka Nacua","LARhigh","94.7","1,298.9","7.2","8.9","54.7","0.2","0.7","272.8"
"","high","102.1","1,449.0","8.0","12.4","77.2","0.7","0.0","358.5"
"","low","88.5","1,227.0","5.9","2.3","13.2","0.0","1.0","264.2"
"A.J. Brown","PHIhigh","92.9","1,318.3","8.2","0.0","1.4","0.0","1.3","271.6"
"","high","98.8","1,365.0","9.0","0.0","6.0","0.0","1.0","363.6"
"","low","89.0","1,251.0","7.6","0.0","0.0","0.0","2.0","262.9"
"Garrett Wilson","NYJhigh","95.1","1,190.1","8.1","3.9","19.2","0.1","1.3","262.9"
"","high","105.2","1,256.0","9.1","7.1","40.4","0.2","0.9","368.8"
"","low","80.5","1,139.7","7.0","0.0","0.0","0.0","2.0","245.1"
"Chris Olave","NOhigh","89.9","1,201.8","6.5","0.0","1.0","0.0","0.6","248.1"
"","high","96.0","1,264.4","7.0","0.0","5.0","0.0","0.0","330.0"
"","low","86.5","1,176.0","5.6","0.0","0.0","0.0","1.0","240.9"
"Davante Adams","LVhigh","93.0","1,129.0","6.5","0.0","1.0","0.0","0.5","244.0"
"","high","104.0","1,213.0","8.0","0.0","5.0","0.0","0.0","327.2"
"","low","89.1","1,079.0","5.1","0.0","0.0","0.0","1.0","237.9"
"Marvin Harrison Jr.","ARIhigh","88.4","1,174.9","6.8","0.5","3.6","0.0","1.5","244.0"
"","high","97.7","1,300.0","8.0","2.0","11.0","0.0","0.5","324.2"
"","low","81.0","1,104.0","5.7","0.0","0.0","0.0","3.0","233.9"
"Drake London","ATLhigh","87.9","1,139.8","7.0","0.0","2.2","0.0","0.9","242.4"
"","high","99.1","1,213.8","8.3","0.0","11.0","0.0","0.8","327.1"
"","low","83.3","1,021.4","6.0","0.0","0.0","0.0","1.0","230.2"
"Mike Evans","TBhigh","75.6","1,121.4","8.4","0.0","1.2","0.0","0.5","237.3"
"","high","80.0","1,154.0","10.0","0.0","5.0","0.0","0.0","305.9"
"","low","70.0","1,099.0","7.4","0.0","0.0","0.0","1.0","233.9"
"Nico Collins","HOUhigh","78.5","1,152.2","7.2","1.4","8.6","0.0","0.5","237.1"
"","high","84.3","1,275.0","8.0","4.4","25.0","0.2","0.0","309.6"
"","low","75.0","1,065.0","6.6","0.0","0.0","0.0","1.0","227.0"
"Cooper Kupp","LARhigh","85.9","1,060.9","7.3","2.9","17.4","0.1","0.5","236.6"
"","high","94.2","1,146.8","8.0","4.6","26.3","0.2","0.0","321.6"
"","low","78.1","996.6","6.5","2.0","10.0","0.0","1.0","225.7"
"DeVonta Smith","PHIhigh","84.8","1,082.4","7.1","0.0","1.2","0.0","0.9","233.9"
"","high","88.2","1,127.0","9.0","0.0","6.0","0.0","0.7","312.6"
"","low","80.0","1,039.6","6.0","0.0","0.0","0.0","1.0","226.0"
"Deebo Samuel Sr.","SFhigh","66.9","924.6","5.9","35.8","208.2","3.1","1.0","231.8"
"","high","74.3","983.0","6.8","43.0","238.0","4.0","0.9","295.2"
"","low","62.3","892.7","5.0","28.8","164.3","2.5","1.0","225.3"
"Michael Pittman Jr.","INDhigh","96.7","1,062.2","5.0","0.3","3.0","0.0","1.0","231.4"
"","high","101.1","1,089.6","6.2","1.0","10.0","0.0","1.0","311.7"
"","low","88.0","985.0","4.0","0.0","0.0","0.0","1.1","224.7"
"Brandon Aiyuk","SFhigh","75.2","1,130.6","7.2","0.8","4.0","0.0","0.9","230.3"
"","high","77.7","1,199.0","8.0","2.0","11.0","0.0","0.7","303.0"
"","low","70.0","1,067.2","6.8","0.0","0.0","0.0","1.0","222.1"
"Jaylen Waddle","MIAhigh","81.8","1,123.6","5.7","3.6","21.1","0.1","0.5","230.1"
"","high","91.3","1,255.4","6.0","4.4","25.6","0.2","0.0","313.8"
"","low","76.0","1,067.6","4.8","2.0","14.0","0.0","1.0","218.8"
"DK Metcalf","SEAhigh","73.6","1,065.9","8.1","0.0","1.2","0.0","0.5","227.9"
"","high","79.0","1,098.0","10.0","0.0","5.0","0.0","0.0","300.0"
"","low","67.0","1,017.0","7.0","0.0","0.0","0.0","1.0","224.1"
"Stefon Diggs","HOUhigh","85.1","1,032.0","6.6","1.9","9.1","0.1","1.0","227.2"
"","high","87.0","1,050.8","7.4","4.4","24.9","0.2","1.0","311.2"
"","low","82.0","1,016.0","5.8","0.0","0.0","0.0","1.0","220.1"
"DJ Moore","CHIhigh","76.1","1,047.0","7.0","2.3","15.1","0.2","0.9","223.8"
"","high","83.3","1,110.7","9.0","5.0","25.0","1.0","0.7","300.9"
"","low","69.0","999.0","6.0","0.0","0.0","0.0","1.0","214.8"
"Malik Nabers","NYGhigh","81.2","1,076.4","5.9","0.5","5.0","0.0","1.2","222.2"
"","high","93.9","1,118.4","6.0","2.0","15.0","0.0","0.5","295.8"
"","low","70.0","1,031.0","5.5","0.0","0.0","0.0","2.0","210.2"
"Amari Cooper","CLEhigh","73.0","1,106.9","6.3","0.0","1.0","0.0","0.9","219.8"
"","high","75.0","1,243.0","7.0","0.0","5.0","0.0","0.7","298.7"
"","low","69.4","1,045.4","5.5","0.0","0.0","0.0","1.0","209.4"
"Zay Flowers","BALhigh","79.4","964.5","6.2","7.4","46.3","0.6","1.0","219.1"
"","high","82.0","1,005.8","7.0","9.1","55.4","1.0","0.9","292.7"
"","low","74.0","932.0","5.6","5.4","31.2","0.0","1.0","214.4"
"Rashee Rice","KChigh","80.7","959.8","7.1","1.5","7.0","0.0","1.0","218.3"
"","high","85.0","1,013.2","8.0","2.3","12.8","0.1","0.9","292.3"
"","low","75.1","877.0","6.0","0.0","0.0","0.0","1.0","210.7"
"Tee Higgins","CINhigh","71.6","1,026.3","7.5","0.0","1.0","0.0","0.5","218.2"
"","high","78.9","1,069.8","9.0","0.0","5.0","0.0","0.0","288.5"
"","low","65.0","978.0","7.0","0.0","0.0","0.0","1.0","214.6"
"Chris Godwin","TBhigh","83.2","989.5","5.3","2.7","20.9","0.3","0.5","216.2"
"","high","87.0","1,038.0","6.0","4.0","27.0","1.0","0.0","298.8"
"","low","78.0","922.0","5.0","0.0","0.0","0.0","1.0","204.2"
"George Pickens","PIThigh","70.7","1,089.3","6.0","2.6","16.9","0.0","0.9","216.0"
"","high","79.0","1,152.0","8.0","4.5","28.5","0.2","0.8","283.9"
"","low","63.0","1,046.0","4.6","0.0","0.0","0.0","1.0","208.4"
"Tank Dell","HOUhigh","70.0","954.4","7.0","11.1","61.6","0.2","0.6","213.1"
"","high","78.0","1,024.4","10.0","16.0","92.9","0.6","0.0","288.2"
"","low","63.0","901.0","5.8","4.4","25.0","0.0","1.0","202.3"
"Christian Kirk","JAChigh","80.9","1,008.5","5.4","1.0","6.4","0.0","1.3","212.5"
"","high","87.2","1,066.0","6.0","2.0","11.9","0.1","1.0","298.2"
"","low","75.0","951.3","4.4","0.0","0.0","0.0","2.0","202.9"
"Calvin Ridley","TENhigh","71.2","974.6","6.9","2.9","14.8","0.0","0.5","210.9"
"","high","75.0","1,024.0","9.0","8.0","34.0","0.2","0.0","278.5"
"","low","61.0","895.0","6.0","0.0","0.0","0.0","1.0","206.6"
"Terry McLaurin","WAShigh","76.4","1,009.5","4.6","0.3","2.2","0.0","0.5","204.2"
"","high","80.2","1,025.0","5.0","1.0","6.0","0.0","0.0","279.8"
"","low","74.7","995.0","3.3","0.0","0.0","0.0","1.0","196.2"
"Keenan Allen","CHIhigh","79.7","895.1","5.6","1.0","6.3","0.0","1.0","201.7"
"","high","88.0","1,009.5","6.2","2.1","12.4","0.1","0.9","292.1"
"","low","71.0","815.0","4.8","0.0","0.0","0.0","1.0","188.7"
"Diontae Johnson","CARhigh","72.8","905.8","5.8","1.0","7.2","0.0","0.6","197.5"
"","high","78.0","992.1","8.0","2.1","13.0","0.1","0.0","255.8"
"","low","64.0","792.0","4.0","0.0","0.0","0.0","1.0","190.8"
"Jayden Reed","GBhigh","64.1","796.5","5.9","9.1","74.0","1.2","0.6","192.3"
"","high","71.0","886.0","8.0","12.3","105.0","3.0","0.0","265.3"
"","low","58.0","732.0","5.0","5.0","27.9","0.2","1.0","182.1"
"Jaxon Smith-Njigba","SEAhigh","75.6","828.5","5.3","0.0","2.0","0.0","0.6","189.2"
"","high","83.0","913.0","6.0","0.0","10.0","0.0","0.0","246.4"
"","low","68.0","732.0","4.7","0.0","0.0","0.0","1.0","177.6"
"Courtland Sutton","DENhigh","65.8","849.9","6.1","0.0","1.2","0.0","1.3","185.0"
"","high","71.2","896.5","9.0","0.0","5.0","0.0","0.8","247.9"
"","low","56.0","766.0","4.5","0.0","0.0","0.0","2.0","177.4"
"DeAndre Hopkins","TENhigh","64.7","851.1","5.7","0.3","2.8","0.0","0.5","183.5"
"","high","68.0","902.8","9.0","1.0","8.0","0.0","0.0","234.2"
"","low","60.0","767.0","4.5","0.0","0.0","0.0","1.0","176.9"
"Jordan Addison","MINhigh","64.9","834.1","5.9","0.3","4.0","0.0","0.5","182.8"
"","high","70.5","961.0","8.0","1.0","18.0","0.0","0.0","265.8"
"","low","59.0","704.6","4.1","0.0","0.0","0.0","1.0","159.7"
"Rome Odunze","CHIhigh","62.5","852.4","5.4","1.0","6.4","0.0","1.1","178.6"
"","high","71.0","961.0","6.4","2.1","12.9","0.1","0.4","264.3"
"","low","57.0","786.0","4.0","0.0","0.0","0.0","2.0","161.5"
"Ladd McConkey","LAChigh","66.2","822.2","5.0","1.1","6.7","0.0","1.1","177.2"
"","high","73.5","885.6","6.0","2.2","13.7","0.1","0.0","245.3"
"","low","62.0","762.0","4.4","0.0","0.0","0.0","3.0","170.2"
"Xavier Worthy","KChigh","57.0","828.7","6.0","3.7","23.2","0.1","0.8","176.8"
"","high","64.0","929.0","6.3","5.7","35.2","0.3","0.0","245.0"
"","low","53.8","761.9","5.4","2.0","11.0","0.0","2.0","172.6"
"Christian Watson","GBhigh","53.7","780.2","7.0","4.2","24.9","0.3","0.5","176.7"
"","high","58.5","840.6","10.0","6.2","38.2","1.0","0.0","223.8"
"","low","48.0","735.0","5.2","2.0","15.3","0.0","1.0","165.9"
"Brian Thomas Jr.","JAChigh","63.2","845.3","5.0","0.7","6.0","0.0","1.1","176.3"
"","high","68.6","927.0","5.3","2.0","15.0","0.0","0.4","232.1"
"","low","61.0","784.0","4.8","0.0","0.0","0.0","2.0","173.2"
"Jerry Jeudy","CLEhigh","61.9","851.0","4.3","0.3","5.3","0.0","0.6","172.5"
"","high","63.3","922.2","5.0","1.0","13.0","0.0","0.0","227.9"
"","low","60.0","767.0","4.0","0.0","0.0","0.0","1.0","167.4"
"Tyler Lockett","SEAhigh","66.3","760.1","5.2","0.0","1.5","0.0","0.5","172.5"
"","high","68.9","777.0","6.0","0.0","5.0","0.0","0.0","235.6"
"","low","64.0","732.9","4.2","0.0","0.0","0.0","1.0","167.2"
"Jameson Williams","DEThigh","55.2","775.5","4.8","4.5","42.2","0.7","0.6","169.1"
"","high","63.2","829.3","6.0","7.0","71.0","2.0","0.0","224.6"
"","low","48.0","717.0","4.0","2.3","13.4","0.0","1.0","163.0"
"Marquise Brown","KChigh","56.7","755.1","6.1","1.2","10.3","0.0","0.4","169.0"
"","high","62.9","822.0","8.0","2.0","17.0","0.1","0.0","227.3"
"","low","43.7","639.8","5.0","0.0","0.0","0.0","1.0","153.2"
"Joshua Palmer","LAChigh","62.1","786.9","4.7","0.3","2.8","0.0","0.9","167.7"
"","high","69.3","874.0","6.0","1.0","7.0","0.0","0.6","229.6"
"","low","58.0","727.2","4.0","0.0","0.0","0.0","1.0","160.5"
"Jakobi Meyers","LVhigh","64.7","728.2","4.6","2.4","15.6","0.3","0.5","167.5"
"","high","72.8","777.2","7.0","4.2","25.5","1.0","0.0","217.1"
"","low","60.0","678.0","3.4","0.0","0.0","0.0","1.0","162.9"
"Curtis Samuel","BUFhigh","61.0","663.0","4.6","11.3","66.7","1.0","0.5","166.5"
"","high","65.0","724.0","5.0","17.0","89.0","2.0","0.0","235.2"
"","low","56.0","602.0","4.0","4.5","25.3","0.2","1.0","159.0"
"Adam Thielen","CARhigh","69.0","695.5","4.5","0.3","3.0","0.0","0.6","164.5"
"","high","74.0","706.9","5.0","1.0","7.0","0.0","0.0","227.7"
"","low","66.9","680.0","4.0","0.0","0.0","0.0","1.0","160.0"
"Khalil Shakir","BUFhigh","59.2","776.0","4.5","0.3","3.2","0.0","0.2","163.6"
"","high","61.0","867.0","5.0","1.0","8.0","0.0","0.0","223.3"
"","low","56.8","720.4","3.6","0.0","0.0","0.0","0.7","153.0"
"Brandin Cooks","DALhigh","56.5","692.8","5.6","3.4","20.7","0.1","0.5","161.1"
"","high","60.0","724.0","7.0","5.0","34.0","0.2","0.0","207.4"
"","low","54.0","667.9","4.7","0.0","0.0","0.0","1.0","154.7"
"Mike Williams","NYJhigh","56.1","752.5","4.8","2.3","9.2","0.0","0.5","160.6"
"","high","59.0","794.0","5.7","4.8","27.0","0.2","0.0","212.8"
"","low","54.0","711.0","4.0","0.0","0.0","0.0","1.0","150.1"
"DeMario Douglas","NEhigh","61.7","745.7","3.2","8.4","44.4","0.1","0.9","158.9"
"","high","65.0","782.0","4.0","11.7","69.8","0.3","0.8","219.7"
"","low","59.0","693.0","2.7","4.5","25.8","0.0","1.0","148.7"
"Keon Coleman","BUFhigh","55.8","745.3","5.0","1.0","4.8","0.0","1.1","158.6"
"","high","66.0","890.0","6.0","3.0","14.0","0.0","0.4","214.2"
"","low","45.4","567.7","4.0","0.0","0.0","0.0","2.0","136.2"
"Romeo Doubs","GBhigh","55.8","686.3","5.6","0.0","1.5","0.0","0.5","157.2"
"","high","62.0","777.0","8.0","0.0","5.0","0.0","0.0","224.0"
"","low","49.1","594.4","4.7","0.0","0.0","0.0","1.0","143.0"
"Gabe Davis","JAChigh","50.0","739.3","5.7","0.3","1.3","0.0","0.9","156.6"
"","high","57.0","798.1","7.0","1.0","5.0","0.0","0.6","214.3"
"","low","41.0","667.0","4.4","0.0","0.0","0.0","1.0","146.3"
"Rashid Shaheed","NOhigh","51.5","742.2","4.2","4.3","33.2","0.0","0.9","152.9"
"","high","54.8","798.0","6.0","7.0","52.0","0.2","0.7","206.7"
"","low","48.4","694.4","3.3","0.0","0.0","0.0","1.0","140.4"
"Ja'Lynn Polk","NEhigh","58.7","721.0","3.2","0.7","5.8","0.0","0.8","149.1"
"","high","62.0","783.1","4.0","2.0","14.0","0.0","0.0","206.0"
"","low","55.9","659.0","2.9","0.0","0.0","0.0","2.0","138.7"
"Darnell Mooney","ATLhigh","50.9","703.4","4.1","2.1","12.1","0.1","0.2","147.5"
"","high","55.7","809.6","5.6","4.3","25.2","0.3","0.0","193.9"
"","low","48.1","581.0","3.0","0.0","0.0","0.0","0.5","133.1"
"John Stephens Jr.","DALhigh","53.0","711.0","4.0","2.0","10.0","0.0","2.0","145.1"
"","high","53.0","711.0","4.0","2.0","10.0","0.0","2.0","136.0"
"","low","53.0","711.0","4.0","2.0","10.0","0.0","2.0","136.0"
"Wan'Dale Robinson","NYGhigh","61.1","567.6","2.8","8.1","58.1","0.5","0.5","142.0"
"","high","62.9","593.0","4.0","8.7","77.0","1.0","0.0","205.9"
"","low","58.0","551.8","1.3","7.6","49.2","0.0","1.0","132.3"
"Josh Downs","INDhigh","54.9","626.5","3.3","0.0","5.3","0.0","0.5","136.8"
"","high","60.0","669.0","4.0","0.0","21.0","0.0","0.0","205.9"
"","low","48.7","545.9","2.4","0.0","0.0","0.0","1.0","124.2"
"Michael Wilson","ARIhigh","49.8","651.0","3.7","0.0","1.3","0.0","0.2","136.6"
"","high","56.4","702.0","5.0","0.0","5.0","0.0","0.0","191.7"
"","low","44.9","565.8","2.4","0.0","0.0","0.0","0.6","119.8"
"Adonai Mitchell","INDhigh","48.6","657.2","3.8","0.7","4.8","0.0","0.8","135.9"
"","high","50.5","730.0","4.0","2.0","11.0","0.0","0.0","188.7"
"","low","46.0","607.8","3.4","0.0","0.0","0.0","2.0","131.2"
"Dontayvion Wicks","GBhigh","46.1","615.3","4.8","0.3","3.8","0.0","0.5","135.6"
"","high","53.1","707.9","6.0","1.0","14.0","0.0","0.0","183.6"
"","low","38.0","572.4","3.8","0.0","0.0","0.0","1.0","125.7"
"Demarcus Robinson","LARhigh","45.8","587.1","4.4","0.3","7.8","0.0","0.6","130.3"
"","high","57.8","697.6","5.0","1.0","20.0","0.0","0.0","182.3"
"","low","35.5","487.7","3.1","0.0","0.0","0.0","1.0","112.1"
"Rashod Bateman","BALhigh","46.2","604.8","3.5","0.3","4.8","0.0","0.2","127.7"
"","high","47.0","624.0","4.0","1.0","14.0","0.0","0.0","175.4"
"","low","45.7","587.0","2.6","0.0","0.0","0.0","0.5","121.7"
"Xavier Legette","CARhigh","45.6","593.2","3.0","2.8","17.2","0.1","0.4","124.5"
"","high","50.0","642.0","4.0","6.3","38.9","0.3","0.0","185.8"
"","low","41.2","493.4","2.1","0.0","0.0","0.0","1.0","106.6"
"Darius Slayton","NYGhigh","43.4","612.2","3.2","0.0","1.3","0.0","0.1","123.7"
"","high","47.1","689.0","5.0","0.0","5.0","0.0","0.0","154.9"
"","low","38.0","550.0","2.2","0.0","0.0","0.0","0.4","116.6"
"DJ Chark Jr.","LAChigh","39.1","560.6","4.7","0.0","1.8","0.0","0.5","122.7"
"","high","41.8","621.2","8.0","0.0","7.0","0.0","0.0","148.2"
"","low","37.0","514.0","2.9","0.0","0.0","0.0","1.0","111.1"
"Jalen McMillan","TBhigh","43.9","524.2","3.3","0.7","7.5","0.0","0.8","115.4"
"","high","55.0","583.0","4.0","2.0","22.0","0.0","0.0","183.4"
"","low","38.0","450.0","2.9","0.0","0.0","0.0","2.0","103.9"
"Josh Reynolds","DENhigh","41.0","532.4","3.6","0.0","1.5","0.0","0.5","115.2"
"","high","45.3","585.5","5.0","0.0","6.0","0.0","0.0","141.3"
"","low","36.0","457.0","2.9","0.0","0.0","0.0","1.0","113.1"
"Tyler Boyd","TENhigh","47.4","512.1","2.5","1.3","7.6","0.0","0.5","113.5"
"","high","58.1","579.0","3.0","2.0","11.6","0.1","0.0","158.4"
"","low","42.5","475.3","2.0","0.0","0.0","0.0","1.0","103.4"
"Marvin Mims Jr.","DENhigh","41.2","541.1","2.6","3.9","23.5","0.1","0.3","113.5"
"","high","44.3","572.0","3.0","7.8","44.6","0.3","0.0","166.0"
"","low","38.4","495.6","2.1","0.0","0.0","0.0","0.5","112.3"
"Jalin Hyatt","NYGhigh","43.2","539.6","2.5","0.0","1.0","0.0","0.3","111.9"
"","high","54.6","672.2","3.0","0.0","3.0","0.0","0.0","127.4"
"","low","23.0","343.0","2.0","0.0","0.0","0.0","0.6","112.8"
"Quentin Johnston","LAChigh","40.6","504.7","3.2","1.7","6.8","0.0","0.1","110.8"
"","high","49.0","614.0","4.0","3.0","13.4","0.1","0.0","175.6"
"","low","29.6","340.0","1.8","0.0","0.0","0.0","0.4","85.4"
"Kendrick Bourne","NEhigh","39.1","471.3","3.1","2.8","17.1","0.0","0.5","105.9"
"","high","41.0","493.0","4.0","4.0","29.0","0.0","0.0","146.6"
"","low","37.2","437.9","2.4","1.5","10.2","0.0","1.0","98.1"
"Tim Patrick","DEThigh","38.0","467.0","3.0","0.0","9.0","0.0","0.0","103.6"
"","high","38.0","467.0","3.0","0.0","9.0","0.0","0.0","141.6"
"","low","38.0","467.0","3.0","0.0","9.0","0.0","0.0","141.6"
"Roman Wilson","PIThigh","37.0","480.1","2.8","0.7","10.0","0.0","0.4","102.0"
"","high","50.0","672.0","4.0","2.0","29.0","0.0","0.0","181.1"
"","low","24.8","318.6","1.7","0.0","0.0","0.0","1.0","78.8"
"Jalen Tolbert","DALhigh","37.5","464.5","3.0","0.0","2.3","0.0","0.2","101.8"
"","high","43.3","574.2","3.5","0.0","7.0","0.0","0.0","142.7"
"","low","29.1","354.4","2.6","0.0","0.0","0.0","0.5","87.9"
"Greg Dortch","ARIhigh","40.9","424.0","2.5","3.2","21.2","0.1","0.1","100.5"
"","high","55.0","540.0","4.0","4.1","25.6","0.2","0.0","170.4"
"","low","29.9","333.1","1.2","2.5","14.3","0.0","0.4","86.0"
"Jahan Dotson","PHIhigh","35.5","436.3","3.5","0.0","2.0","0.0","0.4","99.2"
"","high","41.0","518.0","6.0","0.0","8.0","0.0","0.0","137.3"
"","low","28.2","330.3","2.2","0.0","0.0","0.0","1.0","81.5"
"Andrei Iosivas","CINhigh","36.3","425.3","3.2","0.0","3.3","0.0","0.2","98.2"
"","high","38.6","442.1","3.4","0.0","10.0","0.0","0.0","134.0"
"","low","35.0","396.9","3.0","0.0","0.0","0.0","0.4","95.5"
"Jermaine Burton","CINhigh","34.9","443.0","2.9","0.7","4.3","0.0","0.4","96.5"
"","high","47.0","649.0","4.0","2.0","10.0","0.0","0.0","159.5"
"","low","21.9","257.6","1.8","0.0","0.0","0.0","1.0","71.0"
"Tre Tucker","LVhigh","35.0","424.4","2.4","6.1","39.9","0.2","0.3","96.4"
"","high","44.2","570.7","3.0","12.1","77.8","0.5","0.0","131.6"
"","low","24.8","318.5","1.9","0.0","0.0","0.0","0.6","78.0"
"Ray-Ray McCloud III","ATLhigh","36.5","374.1","2.8","6.9","46.8","0.2","0.2","96.1"
"","high","39.7","411.5","3.0","9.5","55.2","0.5","0.0","135.1"
"","low","33.8","317.8","2.6","4.3","32.1","0.0","0.5","89.8"
"Elijah Moore","CLEhigh","37.2","428.5","2.5","4.4","14.7","0.0","0.4","95.9"
"","high","54.0","617.0","3.0","9.0","21.9","0.2","0.0","136.2"
"","low","25.3","324.8","1.7","0.0","0.0","0.0","1.0","83.8"
"Troy Franklin","DENhigh","35.6","443.3","2.5","0.0","2.5","0.0","0.1","95.0"
"","high","38.0","466.0","3.0","0.0","5.0","0.0","0.0","138.7"
"","low","33.2","420.7","2.0","0.0","0.0","0.0","0.2","89.5"
"Noah Brown","WAShigh","33.9","465.9","2.1","0.3","0.8","0.0","0.1","92.7"
"","high","51.1","686.3","2.9","1.0","3.0","0.0","0.0","119.5"
"","low","18.0","249.0","1.3","0.0","0.0","0.0","0.2","75.0"
"Malachi Corley","NYJhigh","35.2","404.1","2.5","3.6","24.7","0.1","0.7","92.0"
"","high","50.0","527.0","4.0","8.8","53.9","0.5","0.0","165.5"
"","low","21.4","266.2","1.7","0.0","0.0","0.0","2.0","71.9"
"Ricky Pearsall","SFhigh","32.2","393.9","3.0","2.4","15.3","0.1","0.1","91.5"
"","high","51.0","614.0","5.0","4.7","29.0","0.3","0.0","176.3"
"","low","19.0","215.0","1.6","0.0","0.0","0.0","0.2","63.0"
"Jonathan Mingo","CARhigh","36.0","422.7","2.1","0.0","3.0","0.0","0.1","90.7"
"","high","46.0","500.0","3.0","0.0","12.0","0.0","0.0","138.7"
"","low","27.7","315.5","1.5","0.0","0.0","0.0","0.4","76.1"
"Luke McCaffrey","WAShigh","35.6","420.1","2.1","0.7","9.3","0.0","0.4","90.5"
"","high","53.0","582.0","3.0","2.0","28.0","0.0","0.0","167.6"
"","low","17.7","205.8","1.0","0.0","0.0","0.0","1.0","62.0"
"Dyami Brown","WAShigh","29.6","401.7","2.4","0.0","2.8","0.0","0.1","84.3"
"","high","34.0","426.0","3.0","0.0","9.0","0.0","0.0","123.4"
"","low","24.3","363.8","1.7","0.0","0.0","0.0","0.3","75.6"
"Odell Beckham Jr.","MIAhigh","27.9","379.6","2.6","0.0","2.0","0.0","0.4","80.6"
"","high","35.0","509.0","3.0","0.0","7.0","0.0","0.0","122.9"
"","low","19.9","252.9","1.8","0.0","0.0","0.0","1.0","63.6"
"Kalif Raymond","DEThigh","28.9","357.0","1.9","2.2","24.6","0.1","0.2","78.5"
"","high","32.5","397.6","2.0","4.5","44.0","0.2","0.0","101.7"
"","low","25.0","314.0","1.8","0.0","0.0","0.0","0.4","78.7"
"Cedrick Wilson Jr.","NOhigh","26.6","330.5","2.7","0.3","2.3","0.0","0.1","76.1"
"","high","34.0","434.0","5.0","1.0","6.0","0.0","0.0","91.6"
"","low","18.1","221.1","1.4","0.0","0.0","0.0","0.2","57.1"
"Trey Palmer","TBhigh","27.6","329.0","2.0","4.2","20.2","0.1","0.2","74.9"
"","high","34.7","440.0","2.6","4.6","26.2","0.2","0.0","90.5"
"","low","14.0","172.0","1.0","3.9","10.0","0.0","0.4","65.8"
"Treylon Burks","TENhigh","27.0","357.8","1.8","1.8","18.7","0.1","0.6","74.4"
"","high","40.0","519.0","3.0","3.6","34.0","0.2","0.2","138.3"
"","low","20.3","269.6","1.1","0.0","0.0","0.0","1.0","61.1"
"Zay Jones","ARIhigh","29.2","309.2","2.2","0.3","2.3","0.0","0.4","72.7"
"","high","40.0","383.0","3.0","1.0","6.0","0.0","0.0","116.1"
"","low","16.6","161.6","0.8","0.0","0.0","0.0","1.0","50.4"
"Alec Pierce","INDhigh","24.1","362.6","2.0","0.0","1.3","0.0","0.1","72.5"
"","high","29.0","486.0","3.0","0.0","5.0","0.0","0.0","99.8"
"","low","17.5","246.2","1.3","0.0","0.0","0.0","0.2","56.2"
"Jalen Nailor","MINhigh","27.5","341.6","1.7","0.0","0.3","0.0","0.1","71.7"
"","high","34.0","471.0","2.0","0.0","1.0","0.0","0.0","105.6"
"","low","17.4","218.5","0.9","0.0","0.0","0.0","0.2","54.5"
"Calvin Austin III","PIThigh","25.4","294.8","1.6","4.5","36.3","0.1","0.2","68.8"
"","high","30.0","321.0","2.0","9.0","55.0","0.4","0.0","105.0"
"","low","21.0","277.6","1.1","0.0","0.0","0.0","0.3","64.4"
"A.T. Perry","NOhigh","21.8","318.3","2.4","0.3","1.8","0.0","0.0","68.4"
"","high","40.0","650.0","6.0","1.0","4.0","0.0","0.0","113.8"
"","low","3.7","43.7","0.3","0.0","0.0","0.0","0.0","28.1"
"Van Jefferson","PIThigh","24.1","327.2","1.9","0.0","4.0","0.0","0.1","68.3"
"","high","27.6","402.6","2.0","0.0","12.0","0.0","0.0","92.0"
"","low","20.7","272.1","1.7","0.0","0.0","0.0","0.3","61.1"
"Jauan Jennings","SFhigh","24.8","303.0","2.0","0.0","3.3","0.0","0.1","67.1"
"","high","37.0","452.0","3.0","0.0","10.0","0.0","0.0","126.0"
"","low","16.4","190.8","1.4","0.0","0.0","0.0","0.2","52.2"
"Cedric Tillman","CLEhigh","24.2","308.0","2.0","0.0","1.7","0.0","0.2","66.5"
"","high","28.7","374.9","2.2","0.0","5.0","0.0","0.0","88.1"
"","low","21.8","255.0","1.7","0.0","0.0","0.0","0.3","59.1"
"Nelson Agholor","BALhigh","23.3","291.8","2.1","0.0","2.0","0.0","0.1","65.2"
"","high","25.7","325.5","2.3","0.0","6.0","0.0","0.0","80.7"
"","low","20.0","248.0","2.0","0.0","0.0","0.0","0.3","65.7"
"KaVontae Turpin","DALhigh","18.7","220.4","2.7","8.7","67.2","0.4","0.4","65.0"
"","high","26.0","291.0","6.0","13.0","127.0","1.0","0.0","84.7"
"","low","11.0","124.0","1.0","4.6","26.1","0.0","1.0","57.5"
"K.J. Osborn","NEhigh","24.8","299.7","1.7","0.0","2.0","0.0","0.1","64.7"
"","high","33.0","427.0","3.0","0.0","6.0","0.0","0.0","119.1"
"","low","13.3","138.3","0.6","0.0","0.0","0.0","0.2","42.2"
"Devontez Walker","BALhigh","22.3","273.2","2.0","0.0","3.5","0.0","0.0","62.1"
"","high","32.0","394.0","3.0","0.0","7.0","0.0","0.0","112.4"
"","low","12.6","152.3","1.1","0.0","0.0","0.0","0.1","43.9"
"Olamide Zaccheaus","WAShigh","22.1","270.4","1.6","0.0","5.0","0.0","0.1","58.9"
"","high","36.0","441.0","3.0","0.0","15.0","0.0","0.0","121.7"
"","low","6.8","89.3","0.5","0.0","0.0","0.0","0.2","33.8"
"Javon Baker","NEhigh","22.4","269.0","1.4","0.0","7.3","0.0","0.0","58.6"
"","high","40.0","485.0","3.0","0.0","22.0","0.0","0.0","131.1"
"","low","12.7","145.3","0.7","0.0","0.0","0.0","0.1","40.7"
"KhaDarel Hodge","ATLhigh","20.6","272.0","1.7","0.0","0.0","0.0","0.3","57.4"
"","high","24.7","325.4","2.1","0.0","0.0","0.0","0.3","65.3"
"","low","16.4","218.6","1.3","0.0","0.0","0.0","0.3","50.0"
"Allen Lazard","NYJhigh","19.4","249.8","1.8","0.0","0.7","0.0","0.1","55.1"
"","high","32.4","403.8","2.8","0.0","2.0","0.0","0.0","76.4"
"","low","9.0","123.0","1.0","0.0","0.0","0.0","0.1","46.9"
"Xavier Gipson","NYJhigh","19.4","221.3","1.6","4.6","32.6","0.2","0.1","55.0"
"","high","28.0","302.0","2.2","4.8","42.0","0.3","0.0","99.8"
"","low","8.6","96.3","0.6","4.4","27.2","0.0","0.3","35.7"
"JuJu Smith-Schuster","KChigh","21.2","223.8","1.6","0.3","1.0","0.0","0.0","53.1"
"","high","46.0","480.0","3.0","1.0","2.0","0.0","0.0","79.3"
"","low","8.0","74.3","0.6","0.0","0.0","0.0","0.1","32.4"
"Parker Washington","JAChigh","20.4","217.1","1.6","0.0","4.0","0.0","0.0","52.1"
"","high","36.0","386.0","3.0","0.0","12.0","0.0","0.0","114.2"
"","low","3.6","36.8","0.3","0.0","0.0","0.0","0.0","26.3"
"John Metchie III","HOUhigh","19.2","232.7","1.5","0.0","5.3","0.0","0.1","51.9"
"","high","28.0","324.0","2.0","0.0","16.0","0.0","0.0","93.2"
"","low","12.3","152.9","1.0","0.0","0.0","0.0","0.2","40.2"
"Trenton Irwin","CINhigh","18.2","230.5","1.5","0.0","1.5","0.0","0.1","50.4"
"","high","36.0","483.0","3.0","0.0","4.0","0.0","0.0","75.2"
"","low","7.5","91.1","0.6","0.0","0.0","0.0","0.2","30.8"
"Tutu Atwell","LARhigh","17.4","229.7","1.2","2.2","14.1","0.1","0.1","49.1"
"","high","19.7","265.0","1.3","2.3","17.0","0.2","0.0","68.3"
"","low","13.6","182.3","1.0","2.1","12.2","0.0","0.2","44.3"
"Tyquan Thornton","NEhigh","16.0","198.6","1.0","1.2","8.0","0.0","0.1","42.6"
"","high","20.5","240.0","1.1","2.4","16.1","0.1","0.0","48.1"
"","low","9.0","117.0","0.9","0.0","0.0","0.0","0.2","43.5"
"D.J. Montgomery","INDhigh","16.0","192.0","1.0","0.0","6.0","0.0","0.0","41.8"
"","high","16.0","192.0","1.0","0.0","6.0","0.0","0.0","57.8"
"","low","16.0","192.0","1.0","0.0","6.0","0.0","0.0","57.8"
"Mack Hollins","BUFhigh","14.4","185.4","1.3","0.0","0.0","0.0","0.0","40.7"
"","high","23.3","305.8","2.0","0.0","0.0","0.0","0.0","56.9"
"","low","10.0","122.3","0.9","0.0","0.0","0.0","0.1","32.0"
"Jake Bobo","SEAhigh","15.0","173.7","1.3","0.0","1.3","0.0","0.1","39.9"
"","high","20.0","246.0","2.0","0.0","4.0","0.0","0.0","72.0"
"","low","10.4","118.3","0.8","0.0","0.0","0.0","0.2","31.2"
"David Bell","CLEhigh","15.2","157.5","1.5","0.0","1.0","0.0","0.0","39.9"
"","high","33.0","330.0","4.0","0.0","4.0","0.0","0.0","63.2"
"","low","6.8","71.5","0.3","0.0","0.0","0.0","0.1","24.1"
"Isaiah Hodgins","NYGhigh","14.0","183.0","1.0","0.0","4.0","0.0","0.0","38.7"
"","high","14.0","183.0","1.0","0.0","4.0","0.0","0.0","52.7"
"","low","14.0","183.0","1.0","0.0","4.0","0.0","0.0","52.7"
"Rakim Jarrett","TBhigh","14.0","175.0","1.0","0.0","10.0","0.0","0.0","38.5"
"","high","14.0","175.0","1.0","0.0","10.0","0.0","0.0","52.5"
"","low","14.0","175.0","1.0","0.0","10.0","0.0","0.0","52.5"
"Donovan Peoples-Jones","DEThigh","13.0","181.0","1.0","0.0","4.0","0.0","0.0","37.5"
"","high","13.0","181.0","1.0","0.0","4.0","0.0","0.0","50.5"
"","low","13.0","181.0","1.0","0.0","4.0","0.0","0.0","50.5"
"Justin Watson","KChigh","12.3","172.9","1.2","0.0","0.0","0.0","0.1","36.9"
"","high","14.8","215.8","1.7","0.0","0.0","0.0","0.0","44.1"
"","low","11.0","144.0","1.0","0.0","0.0","0.0","0.2","33.8"
"Trent Sherfield Sr.","MINhigh","13.9","165.6","1.0","0.0","2.0","0.0","0.0","36.4"
"","high","14.8","167.0","1.0","0.0","4.0","0.0","0.0","50.0"
"","low","13.0","164.2","0.9","0.0","0.0","0.0","0.0","35.6"
"Isaiah Williams","DEThigh","13.6","161.8","1.1","0.0","0.0","0.0","0.1","36.1"
"","high","13.6","161.8","1.1","0.0","0.0","0.0","0.1","37.5"
"","low","13.6","161.8","1.1","0.0","0.0","0.0","0.1","37.5"
"Brandon Powell","MINhigh","14.7","143.4","0.9","1.9","14.6","0.0","0.1","35.8"
"","high","18.4","173.2","1.0","3.8","23.0","0.1","0.0","51.1"
"","low","11.6","116.1","0.6","0.0","0.0","0.0","0.2","35.1"
"Parris Campbell","PHIhigh","14.0","152.0","1.0","0.0","5.0","0.0","0.0","35.7"
"","high","14.0","152.0","1.0","0.0","5.0","0.0","0.0","49.7"
"","low","14.0","152.0","1.0","0.0","5.0","0.0","0.0","49.7"
"Malik Washington","MIAhigh","12.6","157.0","1.0","2.1","13.3","0.1","0.0","35.6"
"","high","13.0","166.0","1.0","2.1","14.0","0.1","0.0","49.6"
"","low","12.2","148.0","0.9","2.1","12.6","0.0","0.1","35.2"
"Bub Means","NOhigh","13.2","160.2","1.1","0.0","0.0","0.0","0.0","35.5"
"","high","14.5","175.4","1.1","0.0","0.0","0.0","0.0","45.7"
"","low","12.0","145.0","1.0","0.0","0.0","0.0","0.1","37.4"
"Braxton Berrios","MIAhigh","14.4","140.5","0.9","0.0","2.7","0.0","0.1","34.2"
"","high","15.0","149.0","1.0","0.0","8.0","0.0","0.0","57.1"
"","low","14.0","130.7","0.9","0.0","0.0","0.0","0.2","32.5"
"Ryan Flournoy","DALhigh","12.0","141.1","1.1","0.0","0.0","0.0","0.0","32.5"
"","high","13.0","156.3","1.2","0.0","0.0","0.0","0.0","41.6"
"","low","11.0","126.0","1.0","0.0","0.0","0.0","0.1","34.5"
"Marquez Valdes-Scantling","BUFhigh","9.9","155.0","1.2","0.0","1.0","0.0","0.0","32.3"
"","high","15.0","226.0","2.0","0.0","3.0","0.0","0.0","59.8"
"","low","6.1","97.2","0.6","0.0","0.0","0.0","0.1","23.6"
"Ainias Smith","PHIhigh","11.0","141.0","1.0","0.0","6.0","0.0","0.0","31.7"
"","high","11.0","141.0","1.0","0.0","6.0","0.0","0.0","42.7"
"","low","11.0","141.0","1.0","0.0","6.0","0.0","0.0","42.7"
"Jamari Thrash","CLEhigh","11.0","141.0","1.0","0.0","6.0","0.0","0.0","31.7"
"","high","11.0","141.0","1.0","0.0","6.0","0.0","0.0","42.7"
"","low","11.0","141.0","1.0","0.0","6.0","0.0","0.0","42.7"
"Johnny Wilson","PHIhigh","11.8","140.0","0.9","0.0","2.5","0.0","0.0","31.2"
"","high","14.0","167.0","1.0","0.0","5.0","0.0","0.0","49.0"
"","low","9.7","113.0","0.7","0.0","0.0","0.0","0.1","27.4"
"Jacob Cowing","SFhigh","11.0","134.0","1.0","0.0","6.0","0.0","0.0","31.0"
"","high","11.0","134.0","1.0","0.0","6.0","0.0","0.0","42.0"
"","low","11.0","134.0","1.0","0.0","6.0","0.0","0.0","42.0"
"Devaughn Vele","DENhigh","11.8","139.1","0.9","0.0","0.0","0.0","0.0","30.9"
"","high","13.6","155.2","1.0","0.0","0.0","0.0","0.0","40.1"
"","low","10.0","123.0","0.8","0.0","0.0","0.0","0.1","31.8"
"Tahj Washington","MIAhigh","11.0","131.0","1.0","0.0","0.0","0.0","0.0","30.1"
"","high","11.0","131.0","1.0","0.0","0.0","0.0","0.0","41.1"
"","low","11.0","131.0","1.0","0.0","0.0","0.0","0.0","41.1"
"Nick Westbrook-Ikhine","TENhigh","10.6","143.3","0.8","0.0","1.3","0.0","0.0","29.9"
"","high","13.0","180.0","1.0","0.0","4.0","0.0","0.0","48.0"
"","low","8.3","101.9","0.7","0.0","0.0","0.0","0.1","24.6"
"Tejhaun Palmer","ARIhigh","11.0","122.0","1.0","0.0","0.0","0.0","0.0","29.2"
"","high","11.0","122.0","1.0","0.0","0.0","0.0","0.0","40.2"
"","low","11.0","122.0","1.0","0.0","0.0","0.0","0.0","40.2"
"Marcus Rosemy-Jacksaint","PHIhigh","10.0","126.0","1.0","0.0","6.0","0.0","0.0","29.2"
"","high","10.0","126.0","1.0","0.0","6.0","0.0","0.0","39.2"
"","low","10.0","126.0","1.0","0.0","6.0","0.0","0.0","39.2"
"Brandon Johnson","PIThigh","10.0","124.0","1.0","0.0","7.0","0.0","0.0","29.1"
"","high","10.0","124.0","1.0","0.0","7.0","0.0","0.0","39.1"
"","low","10.0","124.0","1.0","0.0","7.0","0.0","0.0","39.1"
"Jordan Whittington","LARhigh","10.8","129.6","0.9","0.0","0.0","0.0","0.0","29.0"
"","high","11.0","131.2","1.0","0.0","0.0","0.0","0.0","40.6"
"","low","10.7","128.0","0.8","0.0","0.0","0.0","0.1","28.5"
"Nikko Remigio","KChigh","10.0","130.0","1.0","0.0","0.0","0.0","0.0","29.0"
"","high","10.0","130.0","1.0","0.0","0.0","0.0","0.0","39.0"
"","low","10.0","130.0","1.0","0.0","0.0","0.0","0.0","39.0"
"Isaiah McKenzie","NYGhigh","11.0","107.0","1.0","0.0","10.0","0.0","0.0","28.7"
"","high","11.0","107.0","1.0","0.0","10.0","0.0","0.0","39.7"
"","low","11.0","107.0","1.0","0.0","10.0","0.0","0.0","39.7"
"Allen Robinson II","DEThigh","11.0","113.0","1.0","0.0","4.0","0.0","0.0","28.7"
"","high","11.0","113.0","1.0","0.0","4.0","0.0","0.0","39.7"
"","low","11.0","113.0","1.0","0.0","4.0","0.0","0.0","39.7"
"Jamison Crowder","WAShigh","12.0","118.3","0.7","0.0","0.0","0.0","0.0","28.1"
"","high","16.6","166.5","1.0","0.0","0.0","0.0","0.0","42.2"
"","low","7.2","66.5","0.2","0.0","0.0","0.0","0.1","20.6"
"KJ Hamler","BUFhigh","9.0","125.0","1.0","0.0","5.0","0.0","0.0","28.0"
"","high","9.0","125.0","1.0","0.0","5.0","0.0","0.0","37.0"
"","low","9.0","125.0","1.0","0.0","5.0","0.0","0.0","37.0"
"Quez Watkins","PIThigh","9.0","127.0","1.0","0.0","3.0","0.0","0.0","28.0"
"","high","9.0","127.0","1.0","0.0","3.0","0.0","0.0","37.0"
"","low","9.0","127.0","1.0","0.0","3.0","0.0","0.0","37.0"
"Michael Woods II","CLEhigh","9.0","119.0","1.0","0.0","4.0","0.0","0.0","27.3"
"","high","9.0","119.0","1.0","0.0","4.0","0.0","0.0","36.3"
"","low","9.0","119.0","1.0","0.0","4.0","0.0","0.0","36.3"
"Jalen Brooks","DALhigh","11.5","106.9","0.8","0.0","0.0","0.0","0.0","26.9"
"","high","20.0","147.0","1.0","0.0","0.0","0.0","0.0","52.2"
"","low","5.6","64.5","0.5","0.0","0.0","0.0","0.1","20.8"
"Ben Skowronek","PIThigh","9.0","111.0","1.0","0.0","4.0","0.0","0.0","26.5"
"","high","9.0","111.0","1.0","0.0","4.0","0.0","0.0","35.5"
"","low","9.0","111.0","1.0","0.0","4.0","0.0","0.0","35.5"
"Tyler Scott","CHIhigh","8.9","101.7","0.8","2.1","18.2","0.1","0.0","26.1"
"","high","22.0","249.0","2.0","4.2","29.0","0.2","0.0","70.7"
"","low","1.7","19.6","0.2","0.0","0.0","0.0","0.1","11.7"
"Justyn Ross","KChigh","8.0","103.0","1.0","0.0","0.0","0.0","0.0","24.3"
"","high","8.0","103.0","1.0","0.0","0.0","0.0","0.0","32.3"
"","low","8.0","103.0","1.0","0.0","0.0","0.0","0.0","32.3"
"Casey Washington","ATLhigh","8.7","105.8","0.8","0.0","0.0","0.0","0.0","24.2"
"","high","10.0","127.0","1.0","0.0","0.0","0.0","0.0","37.4"
"","low","7.4","84.5","0.7","0.0","0.0","0.0","0.0","21.0"
"Skyy Moore","KChigh","8.5","99.5","0.8","0.0","3.0","0.0","0.1","23.3"
"","high","12.0","129.0","1.0","0.0","9.0","0.0","0.0","40.3"
"","low","3.9","46.5","0.3","0.0","0.0","0.0","0.1","14.9"
"David Moore","CARhigh","8.1","108.0","0.7","0.0","1.7","0.0","0.1","22.8"
"","high","10.5","135.0","1.0","0.0","5.0","0.0","0.0","37.1"
"","low","4.7","66.7","0.3","0.0","0.0","0.0","0.1","16.4"
"Derius Davis","LAChigh","7.0","81.2","0.6","6.7","38.6","0.1","0.1","22.8"
"","high","12.0","151.0","1.0","13.3","85.7","0.3","0.0","49.1"
"","low","1.8","19.1","0.2","0.0","0.0","0.0","0.2","9.6"
"Equanimeous St. Brown","NOhigh","7.0","91.0","1.0","0.0","4.0","0.0","0.0","22.5"
"","high","7.0","91.0","1.0","0.0","4.0","0.0","0.0","29.5"
"","low","7.0","91.0","1.0","0.0","4.0","0.0","0.0","29.5"
"Devin Duvernay","JAChigh","8.8","88.5","0.4","3.3","16.9","0.1","0.1","22.2"
"","high","11.6","111.2","0.7","4.5","25.7","0.2","0.0","29.3"
"","low","5.0","64.0","0.0","2.0","12.0","0.0","0.1","21.4"
"Robert Woods","HOUhigh","8.3","89.4","0.6","0.0","1.3","0.0","0.0","21.1"
"","high","13.0","133.0","1.0","0.0","4.0","0.0","0.0","41.0"
"","low","4.8","53.9","0.4","0.0","0.0","0.0","0.0","16.1"
"Chris Moore","ARIhigh","7.7","92.6","0.5","0.0","3.3","0.0","0.0","20.4"
"","high","11.0","138.0","1.0","0.0","10.0","0.0","0.0","39.5"
"","low","5.7","64.3","0.2","0.0","0.0","0.0","0.1","15.4"
"Jalen Reagor","NEhigh","7.0","90.3","0.7","0.0","2.0","0.0","0.0","20.2"
"","high","8.0","106.0","1.0","0.0","4.0","0.0","0.0","32.0"
"","low","6.0","74.5","0.3","0.0","0.0","0.0","0.0","16.0"
"Mason Tipton","NOhigh","7.7","86.1","0.6","0.0","0.0","0.0","0.0","20.1"
"","high","12.0","131.0","1.0","0.0","0.0","0.0","0.0","38.8"
"","low","3.5","41.1","0.3","0.0","0.0","0.0","0.0","13.7"
"Brenden Rice","LAChigh","7.2","87.9","0.6","0.0","2.0","0.0","0.0","19.9"
"","high","11.0","138.0","1.0","0.0","4.0","0.0","0.0","38.4"
"","low","3.4","37.8","0.3","0.0","0.0","0.0","0.0","13.0"
"Zach Pascal","ARIhigh","6.8","83.5","0.7","0.0","2.0","0.0","0.0","19.3"
"","high","9.0","119.0","1.0","0.0","4.0","0.0","0.0","34.1"
"","low","4.5","48.0","0.3","0.0","0.0","0.0","0.0","13.3"
"Kayshon Boutte","NEhigh","6.9","86.2","0.6","0.0","2.5","0.0","0.0","19.1"
"","high","11.0","138.0","1.0","0.0","5.0","0.0","0.0","38.2"
"","low","2.7","34.3","0.1","0.0","0.0","0.0","0.0","11.1"
"River Cracraft","MIAhigh","9.3","78.9","0.3","0.0","0.0","0.0","0.0","18.8"
"","high","10.0","96.8","0.5","0.0","0.0","0.0","0.0","25.4"
"","low","8.5","61.0","0.0","0.0","0.0","0.0","0.0","22.0"
"Anthony Gould","INDhigh","6.8","80.8","0.6","0.0","0.0","0.0","0.0","18.7"
"","high","9.0","109.0","1.0","0.0","0.0","0.0","0.0","32.7"
"","low","4.7","52.5","0.3","0.0","0.0","0.0","0.0","16.2"
"Robbie Chosen","MIAhigh","6.6","79.0","0.6","0.0","2.0","0.0","0.0","18.6"
"","high","9.0","111.0","1.0","0.0","4.0","0.0","0.0","33.1"
"","low","4.3","47.0","0.3","0.0","0.0","0.0","0.0","13.2"
"Charlie Jones","CINhigh","6.8","83.2","0.5","0.0","1.7","0.0","0.0","18.4"
"","high","13.0","167.0","1.0","0.0","5.0","0.0","0.0","43.0"
"","low","3.6","41.2","0.3","0.0","0.0","0.0","0.0","12.8"
"Tre'Quan Smith","DEThigh","11.0","74.0","0.0","0.0","0.0","0.0","0.0","18.4"
"","high","11.0","74.0","0.0","0.0","0.0","0.0","0.0","29.4"
"","low","11.0","74.0","0.0","0.0","0.0","0.0","0.0","29.4"
"Xavier Hutchinson","HOUhigh","6.4","76.6","0.6","0.0","7.0","0.0","0.0","18.2"
"","high","11.0","131.0","1.0","0.0","14.0","0.0","0.0","37.9"
"","low","1.7","22.1","0.2","0.0","0.0","0.0","0.0","9.4"
"Deonte Harty","BALhigh","6.3","77.2","0.6","0.0","5.0","0.0","0.0","18.1"
"","high","8.0","99.3","1.0","0.0","15.0","0.0","0.0","31.3"
"","low","3.2","37.4","0.2","0.0","0.0","0.0","0.0","13.2"
"Ashton Dulin","INDhigh","6.5","75.1","0.7","0.0","2.0","0.0","0.0","18.1"
"","high","9.0","102.0","1.0","0.0","4.0","0.0","0.0","32.1"
"","low","4.0","48.3","0.3","0.0","0.0","0.0","0.0","13.1"
"Ronnie Bell","SFhigh","6.5","78.0","0.6","0.0","2.0","0.0","0.0","18.1"
"","high","11.0","134.0","1.0","0.0","4.0","0.0","0.0","37.3"
"","low","1.9","22.1","0.2","0.0","0.0","0.0","0.0","9.8"
"Jason Brownlee","NYJhigh","6.3","78.6","0.6","0.0","1.5","0.0","0.0","17.9"
"","high","11.0","138.0","1.0","0.0","3.0","0.0","0.0","37.4"
"","low","1.7","19.3","0.2","0.0","0.0","0.0","0.0","9.1"
"Jalen Guyton","LVhigh","6.0","79.9","0.6","0.0","2.0","0.0","0.0","17.7"
"","high","9.0","119.0","1.0","0.0","4.0","0.0","0.0","33.3"
"","low","2.9","40.9","0.2","0.0","0.0","0.0","0.0","11.3"
"Mecole Hardman Jr.","KChigh","5.1","64.5","0.6","2.1","15.4","0.1","0.0","16.9"
"","high","8.0","108.0","1.0","4.1","26.3","0.3","0.0","31.9"
"","low","3.2","37.3","0.3","0.0","0.0","0.0","0.1","12.0"
"Bryce Ford-Wheaton","NYGhigh","7.1","74.8","0.4","0.0","0.0","0.0","0.0","16.6"
"","high","7.1","74.8","0.4","0.0","0.0","0.0","0.0","16.7"
"","low","7.1","74.8","0.4","0.0","0.0","0.0","0.0","16.7"
"Bo Melton","GBhigh","5.9","68.6","0.5","1.0","6.3","0.0","0.1","16.2"
"","high","9.9","115.1","0.8","2.1","12.7","0.1","0.1","23.7"
"","low","1.8","22.1","0.2","0.0","0.0","0.0","0.1","9.0"
"Laviska Shenault Jr.","SEAhigh","5.2","54.9","0.2","5.3","36.6","0.1","0.1","16.2"
"","high","7.7","76.7","0.4","8.5","52.0","0.3","0.0","23.3"
"","low","1.9","19.1","0.0","2.2","12.3","0.0","0.1","9.7"
"Chris Conley","SFhigh","5.4","67.2","0.6","0.0","2.0","0.0","0.0","16.0"
"","high","9.0","111.0","1.0","0.0","4.0","0.0","0.0","31.9"
"","low","1.9","23.3","0.2","0.0","0.0","0.0","0.0","8.8"
"Tim Jones","JAChigh","4.9","56.9","0.6","0.0","2.0","0.0","0.0","14.3"
"","high","8.0","95.0","1.0","0.0","4.0","0.0","0.0","28.8"
"","low","1.8","18.9","0.2","0.0","0.0","0.0","0.0","7.6"
"Scotty Miller","PIThigh","5.6","69.6","0.3","0.0","1.3","0.0","0.0","14.2"
"","high","6.1","75.5","0.5","0.0","4.0","0.0","0.0","17.4"
"","low","5.0","64.0","0.0","0.0","0.0","0.0","0.1","15.0"
"Malik Heath","GBhigh","4.9","56.7","0.5","0.0","1.0","0.0","0.0","13.7"
"","high","9.0","108.0","1.0","0.0","3.0","0.0","0.0","31.0"
"","low","2.3","26.2","0.2","0.0","0.0","0.0","0.0","8.5"
"Dareke Young","SEAhigh","5.1","59.7","0.4","0.0","0.0","0.0","0.0","13.2"
"","high","5.1","59.7","0.4","0.0","0.0","0.0","0.0","13.3"
"","low","5.1","59.7","0.4","0.0","0.0","0.0","0.0","13.3"
"Britain Covey","PHIhigh","5.2","57.3","0.3","0.0","0.0","0.0","0.0","12.5"
"","high","6.5","73.6","0.5","0.0","0.0","0.0","0.0","15.2"
"","low","4.0","41.0","0.0","0.0","0.0","0.0","0.0","13.3"
"Terrace Marshall Jr.","SFhigh","5.0","64.0","0.0","0.0","4.0","0.0","0.0","11.8"
"","high","5.0","64.0","0.0","0.0","4.0","0.0","0.0","16.8"
"","low","5.0","64.0","0.0","0.0","4.0","0.0","0.0","16.8"
"Dee Eskridge","MIAhigh","4.0","56.0","0.0","0.0","6.0","0.0","0.0","10.2"
"","high","4.0","56.0","0.0","0.0","6.0","0.0","0.0","14.2"
"","low","4.0","56.0","0.0","0.0","6.0","0.0","0.0","14.2"
"Gunner Olszewski","NYGhigh","4.2","44.5","0.2","0.0","0.0","0.0","0.0","9.8"
"","high","5.0","52.9","0.3","0.0","0.0","0.0","0.0","10.7"
"","low","3.4","36.0","0.1","0.0","0.0","0.0","0.0","10.1"
"DJ Turner","LVhigh","3.3","37.4","0.2","0.0","0.0","0.0","0.1","8.2"
"","high","5.1","57.1","0.3","0.0","0.0","0.0","0.1","10.4"
"","low","1.5","17.6","0.2","0.0","0.0","0.0","0.1","5.7"
"Jha'Quan Jackson","TENhigh","4.0","41.0","0.0","0.0","0.0","0.0","0.0","8.1"
"","high","4.0","41.0","0.0","0.0","0.0","0.0","0.0","12.1"
"","low","4.0","41.0","0.0","0.0","0.0","0.0","0.0","12.1"
"Tylan Wallace","BALhigh","3.2","41.3","0.1","0.0","2.0","0.0","0.0","8.1"
"","high","5.0","64.0","0.2","0.0","4.0","0.0","0.0","15.0"
"","low","1.5","18.7","0.0","0.0","0.0","0.0","0.0","5.9"
"Irvin Charles","NYJhigh","2.6","29.7","0.2","0.0","0.0","0.0","0.0","6.9"
"","high","3.5","40.1","0.3","0.0","0.0","0.0","0.0","8.4"
"","low","1.7","19.3","0.2","0.0","0.0","0.0","0.0","5.2"
"Velus Jones Jr.","CHIhigh","1.9","25.1","0.1","2.3","9.7","0.1","0.0","6.3"
"","high","2.0","30.0","0.2","2.3","13.4","0.1","0.0","7.5"
"","low","1.7","20.1","0.0","2.3","6.0","0.0","0.0","6.6"
"Tyler Johnson","LARhigh","2.1","25.1","0.2","0.0","0.0","0.0","0.0","5.9"
"","high","2.1","25.1","0.2","0.0","0.0","0.0","0.0","5.7"
"","low","2.1","25.1","0.2","0.0","0.0","0.0","0.0","5.7"
"Montrell Washington","KChigh","1.7","21.0","0.2","0.0","0.0","0.0","0.0","4.9"
"","high","1.7","21.0","0.2","0.0","0.0","0.0","0.0","4.7"
"","low","1.7","21.0","0.2","0.0","0.0","0.0","0.0","4.7"
"Simi Fehoko","LAChigh","1.7","20.2","0.2","0.0","0.0","0.0","0.0","4.7"
"","high","1.7","20.2","0.2","0.0","0.0","0.0","0.0","4.4"
"","low","1.7","20.2","0.2","0.0","0.0","0.0","0.0","4.4"
"DeAndre Carter","CHIhigh","2.0","21.0","0.0","0.0","6.0","0.0","0.0","4.7"
"","high","2.0","21.0","0.0","0.0","6.0","0.0","0.0","6.7"
"","low","2.0","21.0","0.0","0.0","6.0","0.0","0.0","6.7"
"Cody White","SEAhigh","1.7","19.5","0.2","0.0","0.0","0.0","0.0","4.7"
"","high","1.7","19.5","0.2","0.0","0.0","0.0","0.0","4.4"
"","low","1.7","19.5","0.2","0.0","0.0","0.0","0.0","4.4"
"Trishton Jackson","MINhigh","1.7","18.8","0.2","0.0","0.0","0.0","0.0","4.6"
"","high","1.7","18.8","0.2","0.0","0.0","0.0","0.0","4.2"
"","low","1.7","18.8","0.2","0.0","0.0","0.0","0.0","4.2"
"Byron Pringle","WAShigh","1.9","18.9","0.1","0.0","1.0","0.0","0.0","4.4"
"","high","3.0","35.0","0.2","0.0","2.0","0.0","0.0","8.6"
"","low","0.9","2.7","0.0","0.0","0.0","0.0","0.0","3.0"
"Kristian Wilkerson","LVhigh","1.5","17.5","0.2","0.0","0.0","0.0","0.0","4.3"
"","high","1.5","17.5","0.2","0.0","0.0","0.0","0.0","4.0"
"","low","1.5","17.5","0.2","0.0","0.0","0.0","0.0","4.0"
"David Sills V","DENhigh","1.5","16.9","0.1","0.0","0.0","0.0","0.0","4.1"
"","high","1.5","16.9","0.1","0.0","0.0","0.0","0.0","3.8"
"","low","1.5","16.9","0.1","0.0","0.0","0.0","0.0","3.8"
""
""